Timestamp_ms,SP_Pitch,Pos_Pitch,Vel_Pitch,Vq_Pitch,Vd_Pitch,SP_Yaw,Pos_Yaw,Vel_Yaw,Vq_Yaw,Vd_Yaw
1629539,0.0,2.0622124671936035,1.2306252717971802,0.0,0.0,4.482124328613281,13.34605884552002,0.30263906717300415,4.482124328613281,0.0
1629544,0.0,2.061948776245117,2.2017714977264404,0.0,0.0,2.5992202758789062,13.3480806350708,0.43223369121551514,2.5992202758789062,0.0
1629549,0.0,2.063237190246582,0.35321271419525146,0.0,0.0,0.46139347553253174,13.350082397460938,0.36324718594551086,0.46139347553253174,0.0
1629554,0.0,2.0621914863586426,-3.520411491394043,0.0,0.0,-1.7216854095458984,13.350061416625977,-0.5932924151420593,-1.7216854095458984,0.0
1629559,0.0,2.0619428157806396,-2.1921708583831787,0.0,0.0,-3.7359070777893066,13.349287986755371,0.17081330716609955,-3.7359070777893066,0.0
1629564,0.0,2.062119722366333,-1.6689300537109375,0.0,0.0,-5.383723258972168,13.350854873657227,0.29162272810935974,-5.383723258972168,0.0
1629569,0.0,2.0613317489624023,-53.60154724121094,0.0,0.0,-6.503521919250488,13.352116584777832,0.15030735731124878,-6.503521919250488,0.0
1629574,0.0,2.064019203186035,6.637990951538086,0.0,0.0,-6.985476970672607,13.35256290435791,0.009835749864578247,-6.985476970672607,0.0
1629579,0.0,2.0628535747528076,3.7825870513916016,0.0,0.0,-6.78231954574585,13.352071762084961,-0.17980735003948212,-6.78231954574585,0.0
1629584,0.0,2.063419818878174,7.384596824645996,0.0,0.0,-5.913974761962891,13.35091495513916,-0.2806800603866577,-5.913974761962891,0.0
1629589,0.0,2.06068754196167,-6.284778118133545,0.0,0.0,-4.465607166290283,13.3492431640625,-0.3429775834083557,-4.465607166290283,0.0
1629594,0.0,2.0626559257507324,2.592902421951294,0.0,0.0,-2.579267740249634,13.347224235534668,-0.5228407382965088,-2.579267740249634,0.0
1629599,0.0,2.061697244644165,-8.646273612976074,0.0,0.0,-0.4399622976779938,13.345252990722656,-0.3920305371284485,-0.4399622976779938,0.0
1629604,0.0,2.063174247741699,1.2306252717971802,0.0,0.0,1.7424932718276978,13.343892097473145,-0.04033849760890007,1.7424932718276978,0.0
1629609,0.0,1.9915086030960083,-238.29214477539062,0.0,0.0,3.7540509700775146,13.346405982971191,0.04020313173532486,3.7540509700775146,0.0
1629614,0.0,2.0619428157806396,0.12997400760650635,0.0,0.0,5.39742374420166,13.345138549804688,-0.2605460584163666,5.39742374420166,0.0
1629619,0.0,2.062425136566162,1.5081175565719604,0.0,0.0,6.511435031890869,13.344000816345215,-0.23121802508831024,6.511435031890869,0.0
1629624,0.0,2.0621016025543213,2.4411816596984863,0.0,0.0,6.9868268966674805,13.343505859375,-0.029951581731438637,6.9868268966674805,0.0
1629629,0.0,2.062715768814087,-0.0991443544626236,0.0,0.0,6.776973724365234,13.343389511108398,-0.010033449158072472,6.776973724365234,0.0
1629634,0.0,2.061133861541748,-6.394898414611816,0.0,0.0,5.9024577140808105,13.34420108795166,0.1814229041337967,5.9024577140808105,0.0
1629639,0.0,2.0635457038879395,7.4142560958862305,0.0,0.0,4.449048042297363,13.345959663391113,0.42365458607673645,4.449048042297363,0.0
1629644,0.0,2.062152624130249,2.7346131801605225,0.0,0.0,2.559290885925293,13.34798526763916,0.43243369460105896,2.559290885925293,0.0
1629649,0.0,2.0622365474700928,0.1814229041337967,0.0,0.0,0.4185270071029663,13.349950790405273,0.30263906717300415,0.4185270071029663,0.0
1629654,0.0,2.0617780685424805,0.25037938356399536,0.0,0.0,-1.763284683227539,13.35009479522705,-0.4624360501766205,-1.763284683227539,0.0
1629659,0.0,2.061262845993042,1.2969011068344116,0.0,0.0,-3.7721593379974365,13.349198341369629,0.211016446352005,-3.7721593379974365,0.0
1629664,0.0,2.06198787689209,-0.9448736310005188,0.0,0.0,-5.376854419708252,13.350744247436523,0.2814219295978546,-5.376854419708252,0.0
1629669,0.0,2.0613975524902344,-1.6234790086746216,0.0,0.0,-6.499542713165283,13.352021217346191,0.20034337043762207,-6.499542713165283,0.0
1629674,0.0,2.0622994899749756,-0.9344727993011475,0.0,0.0,-6.984777450561523,13.352476119995117,0.02020157501101494,-6.984777450561523,0.0
1629679,0.0,2.062562942504883,4.573956489562988,0.0,0.0,-6.784968852996826,13.352029800415039,-0.17158913612365723,-6.784968852996826,0.0
1629684,0.0,2.0620927810668945,2.044499158859253,0.0,0.0,-5.919712543487549,13.350854873657227,-0.10027135908603668,-5.919712543487549,0.0
1629689,0.0,2.0610439777374268,-2.224708318710327,0.0,0.0,-4.473871231079102,13.349207878112793,-0.38202977180480957,-4.473871231079102,0.0
1629694,0.0,2.062302350997925,-2.319965362548828,0.0,0.0,-2.589247226715088,13.347190856933594,-0.3732816278934479,-2.589247226715088,0.0
1629699,0.0,2.062119722366333,-0.25121957063674927,0.0,0.0,-0.45067840814590454,13.345261573791504,-0.3218250870704651,-0.45067840814590454,0.0
1629704,0.0,2.0630903244018555,8.575868606567383,0.0,0.0,1.7320913076400757,13.343862533569336,-0.09060706198215485,1.7320913076400757,0.0
1629709,0.0,2.061307668685913,0.07064254581928253,0.0,0.0,3.744983434677124,13.346379280090332,0.22176139056682587,3.744983434677124,0.0
1629714,0.0,2.0629405975341797,6.462817668914795,0.0,0.0,5.390579700469971,13.34512710571289,-0.330716073513031,5.390579700469971,0.0
1629719,0.0,2.061861991882324,-1.082053542137146,0.0,0.0,6.507486343383789,13.34404182434082,-0.09030402451753616,6.507486343383789,0.0
1629724,0.0,2.0609092712402344,-7.636619567871094,0.0,0.0,6.9861602783203125,13.343515396118164,-0.030103357508778572,6.9861602783203125,0.0
1629729,0.0,2.0617361068725586,-2.7346131801605225,0.0,0.0,6.779654502868652,13.343424797058105,-0.005008793901652098,6.779654502868652,0.0
1629734,0.0,2.060831308364868,-1.8236230611801147,0.0,0.0,5.9082231521606445,13.344188690185547,0.24041204154491425,5.9082231521606445,0.0
1629739,0.0,2.0613555908203125,0.04013780876994133,0.0,0.0,4.457333087921143,13.345953941345215,0.38202977180480957,4.457333087921143,0.0
1629744,0.0,2.06252121925354,4.298710823059082,0.0,0.0,2.5692825317382812,13.34793758392334,0.42223289608955383,2.5692825317382812,0.0
1629749,0.0,2.0618889331817627,-4.61475944519043,0.0,0.0,0.42924514412879944,13.349905967712402,0.2714211642742157,0.42924514412879944,0.0
1629754,0.0,2.062598943710327,4.418370246887207,0.0,0.0,-1.7528910636901855,13.349950790405273,-0.6456166505813599,-1.7528910636901855,0.0
1629759,0.0,2.062748908996582,2.653109073638916,0.0,0.0,-3.7631094455718994,13.349237442016602,0.2716211676597595,-3.7631094455718994,0.0
1629764,0.0,2.062889575958252,3.8673245906829834,0.0,0.0,-5.404254913330078,13.350717544555664,0.2806800603866577,-5.404254913330078,0.0
1629769,0.0,2.0631144046783447,7.802207946777344,0.0,0.0,-6.515368938446045,13.352035522460938,0.2219620794057846,-6.515368938446045,0.0
1629774,0.0,2.060753345489502,-5.457939147949219,0.0,0.0,-6.987476825714111,13.352502822875977,0.04020313173532486,-6.987476825714111,0.0
1629779,0.0,2.0619819164276123,4.072317123413086,0.0,0.0,-6.7742767333984375,13.352084159851074,-0.17081330716609955,-6.7742767333984375,0.0
1629784,0.0,2.0621795654296875,74.56980895996094,0.0,0.0,-5.8966779708862305,13.350825309753418,-0.30162349343299866,-5.8966779708862305,0.0
1629789,0.0,2.0614724159240723,-1.35770583152771,0.0,0.0,-4.482124328613281,13.349159240722656,-0.3329431116580963,-4.482124328613281,0.0
1629794,0.0,2.062479257583618,2.88716197013855,0.0,0.0,-2.5992202758789062,13.347245216369629,-0.4122321307659149,-2.5992202758789062,0.0
1629799,0.0,2.062736749649048,4.125363826751709,0.0,0.0,-0.46139347553253174,13.34520149230957,-0.3933505415916443,-0.46139347553253174,0.0
1629804,0.0,2.062500238418579,2.4821221828460693,0.0,0.0,1.7216854095458984,13.343856811523438,-0.010000779293477535,1.7216854095458984,0.0
1629809,0.0,2.060190200805664,-9.567737579345703,0.0,0.0,3.7359070777893066,13.346400260925293,0.30162349343299866,3.7359070777893066,0.0
1629814,0.0,2.0626230239868164,0.8344650268554688,0.0,0.0,5.383723258972168,13.345132827758789,-0.2514196038246155,5.383723258972168,0.0
1629819,0.0,2.0619277954101562,-3.3900394439697266,0.0,0.0,6.503521919250488,13.34399700164795,-0.15081174671649933,6.503521919250488,0.0
1629824,0.0,2.061763048171997,1.7630215883255005,0.0,0.0,6.985476970672607,13.343518257141113,-0.10060784220695496,6.985476970672607,0.0
1629829,0.0,2.064222812652588,10.935144424438477,0.0,0.0,6.78231954574585,13.34343433380127,-0.049086179584264755,6.78231954574585,0.0
1629834,0.0,2.062392234802246,-0.784061074256897,0.0,0.0,5.913974761962891,13.344245910644531,0.24121880531311035,5.913974761962891,0.0
1629839,0.0,2.0614335536956787,-8.026493072509766,0.0,0.0,4.465607166290283,13.34592056274414,0.5026391744613647,4.465607166290283,0.0
1629844,0.0,2.06136155128479,-1.2209922075271606,0.0,0.0,2.579267740249634,13.348027229309082,0.3833160698413849,2.579267740249634,0.0
1629849,0.0,2.0619757175445557,-1.6544804573059082,0.0,0.0,0.4399622976779938,13.349998474121094,0.331825852394104,0.4399622976779938,0.0
1629854,0.0,2.0636894702911377,2.3588390350341797,0.0,0.0,-1.7424932718276978,13.350028038024902,-0.643450140953064,-1.7424932718276978,0.0
1629859,0.0,2.06147837638855,-0.9384219646453857,0.0,0.0,-3.7540509700775146,13.349294662475586,0.41362011432647705,-3.7540509700775146,0.0
1629864,0.0,2.0600013732910156,-5.680442810058594,0.0,0.0,-5.39742374420166,13.350812911987305,0.29861730337142944,-5.39742374420166,0.0
1629869,0.0,2.0635666847229004,0.35085007548332214,0.0,0.0,-6.511435031890869,13.352059364318848,0.18040870130062103,-6.511435031890869,0.0
1629874,0.0,2.062218427658081,-1.1904873847961426,0.0,0.0,-6.9868268966674805,13.352569580078125,0.08911189436912537,-6.9868268966674805,0.0
1629879,0.0,2.062008857727051,-2.2693917751312256,0.0,0.0,-6.776973724365234,13.352045059204102,-0.28162193298339844,-6.776973724365234,0.0
1629884,0.0,2.0623204708099365,-0.9815828204154968,0.0,0.0,-5.9024577140808105,13.35089111328125,-0.3105820417404175,-5.9024577140808105,0.0
1629889,0.0,2.06303334236145,8.604743957519531,0.0,0.0,-4.449048042297363,13.349249839782715,-0.3732816278934479,-4.449048042297363,0.0
1629894,0.0,2.0618858337402344,3.5890796184539795,0.0,0.0,-2.559290885925293,13.347298622131348,-0.4022313356399536,-2.559290885925293,0.0
1629899,0.0,2.0618410110473633,-4.443546295166016,0.0,0.0,-0.4185270071029663,13.345232009887695,-0.40068674087524414,-0.4185270071029663,0.0
1629904,0.0,2.062020778656006,-0.8268388509750366,0.0,0.0,1.763284683227539,13.343844413757324,-0.13061018288135529,1.763284683227539,0.0
1629909,0.0,2.062934637069702,6.456567764282227,0.0,0.0,3.7721593379974365,13.346412658691406,0.11060862243175507,3.7721593379974365,0.0
1629914,0.0,2.0621914863586426,4.048331260681152,0.0,0.0,5.376854419708252,13.3451566696167,-0.29064738750457764,5.376854419708252,0.0
1629919,0.0,2.0630693435668945,5.003579139709473,0.0,0.0,6.499542713165283,13.344051361083984,-0.18101410567760468,6.499542713165283,0.0
1629924,0.0,2.061655282974243,-1.9601527452468872,0.0,0.0,6.984777450561523,13.343581199645996,-0.09060706198215485,6.984777450561523,0.0
1629929,0.0,2.061858892440796,2.474290370941162,0.0,0.0,6.784968852996826,13.343469619750977,-0.02950724959373474,6.784968852996826,0.0
1629934,0.0,2.062652826309204,-1.0960854291915894,0.0,0.0,5.919712543487549,13.344255447387695,0.22121724486351013,5.919712543487549,0.0
1629939,0.0,2.0631203651428223,2.653109073638916,0.0,0.0,4.473871231079102,13.346025466918945,0.40358567237854004,4.473871231079102,0.0
1629944,0.0,2.0618021488189697,-2.063636302947998,0.0,0.0,2.589247226715088,13.348017692565918,0.35202744603157043,2.589247226715088,0.0
1629949,0.0,2.0628178119659424,3.9343080520629883,0.0,0.0,0.45067840814590454,13.349983215332031,0.3229086697101593,0.45067840814590454,0.0
1629954,0.0,2.0621914863586426,0.6558517813682556,0.0,0.0,-1.7320913076400757,13.349899291992188,-0.5128399729728699,-1.7320913076400757,0.0
1629959,0.0,2.062997579574585,2.152167797088623,0.0,0.0,-3.744983434677124,13.349273681640625,0.28162193298339844,-3.744983434677124,0.0
1629964,0.0,2.0617990493774414,-3.7223803997039795,0.0,0.0,-5.390579700469971,13.350801467895508,0.22121724486351013,-5.390579700469971,0.0
1629969,0.0,2.0620718002319336,4.4739484786987305,0.0,0.0,-6.507486343383789,13.35207748413086,0.12020602077245712,-6.507486343383789,0.0
1629974,0.0,2.061319589614868,-1.106486201286316,0.0,0.0,-6.9861602783203125,13.35258674621582,0.03953971341252327,-6.9861602783203125,0.0
1629979,0.0,2.061196804046631,-4.313136100769043,0.0,0.0,-6.779654502868652,13.352149963378906,-0.1109810397028923,-6.779654502868652,0.0
1629984,0.0,2.0621466636657715,3.146487236022949,0.0,0.0,-5.9082231521606445,13.350933074951172,-0.4307880699634552,-5.9082231521606445,0.0
1629989,0.0,2.0626258850097656,0.9048705101013184,0.0,0.0,-4.457333087921143,13.349315643310547,-0.35065072774887085,-4.457333087921143,0.0
1629994,0.0,2.0629165172576904,7.555541038513184,0.0,0.0,-2.5692825317382812,13.347253799438477,-0.4539586305618286,-2.5692825317382812,0.0
1629999,0.0,2.061676263809204,-2.0466227531433105,0.0,0.0,-0.42924514412879944,13.34531307220459,-0.31631770730018616,-0.42924514412879944,0.0
1630004,0.0,2.0619518756866455,0.18081408739089966,0.0,0.0,1.7528910636901855,13.343916893005371,-0.13125063478946686,1.7528910636901855,0.0
1630009,0.0,2.062317371368408,-2.3906078338623047,0.0,0.0,3.7631094455718994,13.346445083618164,0.262300580739975,3.7631094455718994,0.0
1630014,0.0,2.062107563018799,0.9018441438674927,0.0,0.0,5.404254913330078,13.345240592956543,-0.45072272419929504,5.404254913330078,0.0
1630019,0.0,2.0617661476135254,0.491190105676651,0.0,0.0,6.515368938446045,13.344122886657715,-0.07040548324584961,6.515368938446045,0.0
1630024,0.0,2.0623743534088135,0.2625012695789337,0.0,0.0,6.987476825714111,13.343607902526855,-0.16135399043560028,6.987476825714111,0.0
1630029,0.0,2.0621285438537598,4.333137512207031,0.0,0.0,6.7742767333984375,13.343536376953125,-0.15131953358650208,6.7742767333984375,0.0
1630034,0.0,2.06282377243042,0.7718701362609863,0.0,0.0,5.8966779708862305,13.344303131103516,0.26122036576271057,5.8966779708862305,0.0
1630039,0.0,2.061673164367676,-2.6146037578582764,0.0,0.0,4.482124328613281,13.34607982635498,0.3732816278934479,4.482124328613281,0.0
1630044,0.0,2.0635457038879395,3.4986727237701416,0.0,0.0,2.5992202758789062,13.34805965423584,0.4020313322544098,2.5992202758789062,0.0
1630049,0.0,2.0607595443725586,-4.282733917236328,0.0,0.0,0.46139347553253174,13.350046157836914,0.4122321307659149,0.46139347553253174,0.0
1630054,0.0,2.061394691467285,-16.513498306274414,0.0,0.0,-1.7216854095458984,13.349980354309082,-0.8170050978660583,-1.7216854095458984,0.0
1630059,0.0,2.0619966983795166,3.166646718978882,0.0,0.0,-3.7359070777893066,13.349405288696289,0.3395478129386902,-3.7359070777893066,0.0
1630064,0.0,2.062533140182495,-1.4727729558944702,0.0,0.0,-5.383723258972168,13.350852012634277,0.29162272810935974,-5.383723258972168,0.0
1630069,0.0,2.0616493225097656,1.4985167980194092,0.0,0.0,-6.503521919250488,13.352209091186523,0.18101410567760468,-6.503521919250488,0.0
1630074,0.0,2.0617451667785645,3.4082655906677246,0.0,0.0,-6.985476970672607,13.352670669555664,0.04527949541807175,-6.985476970672607,0.0
1630079,0.0,2.0629286766052246,1.3377043008804321,0.0,0.0,-6.78231954574585,13.3522367477417,-0.2716211676597595,-6.78231954574585,0.0
1630084,0.0,2.0611789226531982,0.13121022284030914,0.0,0.0,-5.913974761962891,13.351005554199219,-0.3218250870704651,-5.913974761962891,0.0
1630089,0.0,2.0621705055236816,-1.759337067604065,0.0,0.0,-4.465607166290283,13.349447250366211,-0.42223289608955383,-4.465607166290283,0.0
1630094,0.0,2.0629286766052246,-3.166646718978882,0.0,0.0,-2.579267740249634,13.347392082214355,-0.3518274128437042,-2.579267740249634,0.0
1630099,0.0,2.0618770122528076,-2.6426732540130615,0.0,0.0,-0.4399622976779938,13.345351219177246,-0.3732816278934479,-0.4399622976779938,0.0
1630104,0.0,2.061814069747925,-1.3169026374816895,0.0,0.0,1.7424932718276978,13.34399700164795,-0.07040548324584961,1.7424932718276978,0.0
1630109,0.0,2.060274124145508,-4.23431396484375,0.0,0.0,3.7540509700775146,13.346508026123047,0.36202821135520935,3.7540509700775146,0.0
1630114,0.0,2.0619189739227295,2.2921786308288574,0.0,0.0,5.39742374420166,13.345240592956543,-0.4020313322544098,5.39742374420166,0.0
1630119,0.0,2.063159227371216,43.603397369384766,0.0,0.0,6.511435031890869,13.34415054321289,-0.16081252694129944,6.511435031890869,0.0
1630124,0.0,2.0614395141601562,1.5732436180114746,0.0,0.0,6.9868268966674805,13.343704223632812,-0.04485199972987175,6.9868268966674805,0.0
1630129,0.0,2.062640905380249,3.0560927391052246,0.0,0.0,6.776973724365234,13.343574523925781,-0.02518647536635399,6.776973724365234,0.0
1630134,0.0,2.062089681625366,2.624204397201538,0.0,0.0,5.9024577140808105,13.344371795654297,0.2012156844139099,5.9024577140808105,0.0
1630139,0.0,2.0628926753997803,-0.6328493356704712,0.0,0.0,4.449048042297363,13.346070289611816,0.5530431270599365,4.449048042297363,0.0
1630144,0.0,2.0623562335968018,6.83948278427124,0.0,0.0,2.559290885925293,13.348167419433594,0.3920305371284485,2.559290885925293,0.0
1630149,0.0,2.0614216327667236,-4.085226058959961,0.0,0.0,0.4185270071029663,13.35010051727295,0.29162272810935974,0.4185270071029663,0.0
1630154,0.0,2.062218427658081,0.4475299119949341,0.0,0.0,-1.763284683227539,13.35007381439209,-0.5830454230308533,-1.763284683227539,0.0
1630159,0.0,2.0612807273864746,-9.30073356628418,0.0,0.0,-3.7721593379974365,13.349306106567383,0.25226613879203796,-3.7721593379974365,0.0
1630164,0.0,2.061664342880249,-5.17720365524292,0.0,0.0,-5.376854419708252,13.35091495513916,0.24954478442668915,-5.376854419708252,0.0
1630169,0.0,2.062389373779297,-0.33122581243515015,0.0,0.0,-6.499542713165283,13.35214614868164,0.18020935356616974,-6.499542713165283,0.0
1630174,0.0,2.0607144832611084,-4.307589530944824,0.0,0.0,-6.984777450561523,13.352635383605957,0.0033701073843985796,-6.984777450561523,0.0
1630179,0.0,2.0610709190368652,1.4823415279388428,0.0,0.0,-6.784968852996826,13.35223388671875,-0.14081096649169922,-6.784968852996826,0.0
1630184,0.0,2.062673807144165,132.97479248046875,0.0,0.0,-5.919712543487549,13.350980758666992,-0.14034003019332886,-5.919712543487549,0.0
1630189,0.0,2.0608792304992676,0.30263906717300415,0.0,0.0,-4.473871231079102,13.349312782287598,-0.3329431116580963,-4.473871231079102,0.0
1630194,0.0,2.0628178119659424,-1.4169104099273682,0.0,0.0,-2.589247226715088,13.347344398498535,-0.4524352550506592,-2.589247226715088,0.0
1630199,0.0,2.061631202697754,6.152479648590088,0.0,0.0,-0.45067840814590454,13.345232009887695,-0.5328415036201477,-0.45067840814590454,0.0
1630204,0.0,2.0661163330078125,16.957422256469727,0.0,0.0,1.7320913076400757,13.343889236450195,-0.16855087876319885,1.7320913076400757,0.0
1630209,0.0,2.0626258850097656,3.840299367904663,0.0,0.0,3.744983434677124,13.34633731842041,0.3418266475200653,3.744983434677124,0.0
1630214,0.0,2.06136155128479,-0.6817654967308044,0.0,0.0,5.390579700469971,13.3451566696167,-0.47105610370635986,5.390579700469971,0.0
1630219,0.0,2.061882972717285,2.2521755695343018,0.0,0.0,6.507486343383789,13.344072341918945,-0.11060862243175507,6.507486343383789,0.0
1630224,0.0,2.0623562335968018,-4.403542995452881,0.0,0.0,6.9861602783203125,13.343584060668945,-0.11060862243175507,6.9861602783203125,0.0
1630229,0.0,2.0632882118225098,2.1944077014923096,0.0,0.0,6.779654502868652,13.343469619750977,-0.010000779293477535,6.779654502868652,0.0
1630234,0.0,2.060286045074463,-7.711000919342041,0.0,0.0,5.9082231521606445,13.344269752502441,0.4020313322544098,5.9082231521606445,0.0
1630239,0.0,2.0613136291503906,-1.3377043008804321,0.0,0.0,4.457333087921143,13.345860481262207,0.3105820417404175,4.457333087921143,0.0
1630244,0.0,2.0617451667785645,-0.2208172082901001,0.0,0.0,2.5692825317382812,13.347979545593262,0.44243448972702026,2.5692825317382812,0.0
1630249,0.0,2.060777425765991,-5.558283805847168,0.0,0.0,0.42924514412879944,13.3499174118042,0.262300580739975,0.42924514412879944,0.0
1630254,0.0,2.0618858337402344,-0.7544587850570679,0.0,0.0,-1.7528910636901855,13.350013732910156,-0.5128399729728699,-1.7528910636901855,0.0
1630259,0.0,2.061068058013916,-3.076317310333252,0.0,0.0,-3.7631094455718994,13.34914493560791,0.31162428855895996,-3.7631094455718994,0.0
1630264,0.0,2.062272548675537,-2.78421688079834,0.0,0.0,-5.404254913330078,13.350729942321777,0.3833160698413849,-5.404254913330078,0.0
1630269,0.0,2.0607144832611084,-14.125901222229004,0.0,0.0,-6.515368938446045,13.35205078125,0.29162272810935974,-6.515368938446045,0.0
1630274,0.0,2.0625839233398438,6.654918670654297,0.0,0.0,-6.987476825714111,13.352494239807129,0.009934107773005962,-6.987476825714111,0.0
1630279,0.0,2.0617480278015137,-2.4633920192718506,0.0,0.0,-6.7742767333984375,13.352045059204102,-0.25226613879203796,-6.7742767333984375,0.0
1630284,0.0,2.0625569820404053,5.109652996063232,0.0,0.0,-5.8966779708862305,13.350879669189453,-0.29064738750457764,-5.8966779708862305,0.0
1630289,0.0,2.0612597465515137,1.9905551671981812,0.0,0.0,-4.482124328613281,13.349207878112793,-0.42223289608955383,-4.482124328613281,0.0
1630294,0.0,2.0611369609832764,2.9453125,0.0,0.0,-2.5992202758789062,13.347152709960938,-0.4539586305618286,-2.5992202758789062,0.0
1630299,0.0,2.061837911605835,-2.040959119796753,0.0,0.0,-0.46139347553253174,13.34520435333252,-0.3418266475200653,-0.46139347553253174,0.0
1630304,0.0,2.0608222484588623,-3.6194820404052734,0.0,0.0,1.7216854095458984,13.343805313110352,-0.09060706198215485,1.7216854095458984,0.0
1630309,0.0,2.061688184738159,0.23121802508831024,0.0,0.0,3.7359070777893066,13.346271514892578,0.14128509163856506,3.7359070777893066,0.0
1630314,0.0,2.061304807662964,-2.0237669944763184,0.0,0.0,5.383723258972168,13.34512710571289,-0.4210200905799866,5.383723258972168,0.0
1630319,0.0,2.062041759490967,6.212438583374023,0.0,0.0,6.503521919250488,13.344003677368164,-0.13017335534095764,6.503521919250488,0.0
1630324,0.0,2.0631682872772217,4.398301124572754,0.0,0.0,6.985476970672607,13.343500137329102,-0.10060784220695496,6.985476970672607,0.0
1630329,0.0,2.0622663497924805,0.13041016459465027,0.0,0.0,6.78231954574585,13.343416213989258,-0.01996755786240101,6.78231954574585,0.0
1630334,0.0,2.0616912841796875,0.9217788577079773,0.0,0.0,5.913974761962891,13.344171524047852,0.25057873129844666,5.913974761962891,0.0
1630339,0.0,2.061068058013916,-2.8040273189544678,0.0,0.0,4.465607166290283,13.345909118652344,0.4639930725097656,4.465607166290283,0.0
1630344,0.0,2.0620176792144775,-0.18161416053771973,0.0,0.0,2.579267740249634,13.347898483276367,0.44243448972702026,2.579267740249634,0.0
1630349,0.0,2.061913013458252,3.78029465675354,0.0,0.0,0.4399622976779938,13.349851608276367,0.37202900648117065,0.4399622976779938,0.0
1630354,0.0,2.06201171875,-3.258387327194214,0.0,0.0,-1.7424932718276978,13.349857330322266,-0.6859551668167114,-1.7424932718276978,0.0
1630359,0.0,2.0619308948516846,-4.4685540199279785,0.0,0.0,-3.7540509700775146,13.349105834960938,0.29162272810935974,-3.7540509700775146,0.0
1630364,0.0,2.0622544288635254,2.144172430038452,0.0,0.0,-5.39742374420166,13.350690841674805,0.2804807126522064,-5.39742374420166,0.0
1630369,0.0,2.062649965286255,-1.9401512145996094,0.0,0.0,-6.511435031890869,13.35202407836914,0.2012156844139099,-6.511435031890869,0.0
1630374,0.0,2.0620596408843994,-3.187448501586914,0.0,0.0,-6.9868268966674805,13.35251235961914,0.12060940265655518,-6.9868268966674805,0.0
1630379,0.0,2.0616371631622314,2.574761152267456,0.0,0.0,-6.776973724365234,13.352071762084961,-0.22121724486351013,-6.776973724365234,0.0
1630384,0.0,2.0619399547576904,2.7050108909606934,0.0,0.0,-5.9024577140808105,13.350833892822266,-0.2219620794057846,-5.9024577140808105,0.0
1630389,0.0,2.062554121017456,6.375489711761475,0.0,0.0,-4.449048042297363,13.349174499511719,-0.272335022687912,-4.449048042297363,0.0
1630394,0.0,2.0614664554595947,-2.7860684394836426,0.0,0.0,-2.559290885925293,13.347224235534668,-0.44243448972702026,-2.559290885925293,0.0
1630399,0.0,2.061954975128174,0.16215674579143524,0.0,0.0,-0.4185270071029663,13.345187187194824,-0.3429775834083557,-0.4185270071029663,0.0
1630404,0.0,2.0618021488189697,-5.366425037384033,0.0,0.0,1.763284683227539,13.343805313110352,-0.09060706198215485,1.763284683227539,0.0
1630409,0.0,2.0626978874206543,1.3932833671569824,0.0,0.0,3.7721593379974365,13.34636116027832,0.3218250870704651,3.7721593379974365,0.0
1630414,0.0,2.0963315963745117,115.38819122314453,0.0,0.0,5.376854419708252,13.345096588134766,-0.2714211642742157,5.376854419708252,0.0
1630419,0.0,2.061837911605835,3.2970569133758545,0.0,0.0,6.499542713165283,13.344027519226074,-0.23044471442699432,6.499542713165283,0.0
1630424,0.0,2.0619819164276123,1.0256799459457397,0.0,0.0,6.984777450561523,13.343547821044922,-0.03000233881175518,6.984777450561523,0.0
1630429,0.0,2.060621500015259,-5.51814603805542,0.0,0.0,6.784968852996826,13.343442916870117,-0.02528681978583336,6.784968852996826,0.0
1630434,0.0,2.0610620975494385,-3.106642007827759,0.0,0.0,5.919712543487549,13.34427261352539,0.3922305703163147,5.919712543487549,0.0
1630439,0.0,2.0621047019958496,0.20081564784049988,0.0,0.0,4.473871231079102,13.345953941345215,0.4524352550506592,4.473871231079102,0.0
1630444,0.0,2.0614874362945557,-0.7465632557868958,0.0,0.0,2.589247226715088,13.348069190979004,0.4842626750469208,2.589247226715088,0.0
1630449,0.0,2.0621016025543213,-1.1768916845321655,0.0,0.0,0.45067840814590454,13.350037574768066,0.37202900648117065,0.45067840814590454,0.0
1630454,0.0,2.0602052211761475,-5.7133331298828125,0.0,0.0,-1.7320913076400757,13.350016593933105,-0.5328415036201477,-1.7320913076400757,0.0
1630459,0.0,2.0598065853118896,-3.299327850341797,0.0,0.0,-3.744983434677124,13.34926700592041,0.2010156661272049,-3.744983434677124,0.0
1630464,0.0,2.061622381210327,2.302579402923584,0.0,0.0,-5.390579700469971,13.350872993469238,0.3807520568370819,-5.390579700469971,0.0
1630469,0.0,2.061217784881592,-0.5015561580657959,0.0,0.0,-6.507486343383789,13.352108001708984,0.25057873129844666,-6.507486343383789,0.0
1630474,0.0,2.0614125728607178,140.4309539794922,0.0,0.0,-6.9861602783203125,13.352602005004883,0.02020157501101494,-6.9861602783203125,0.0
1630479,0.0,2.0614874362945557,3.0360238552093506,0.0,0.0,-6.779654502868652,13.352108001708984,-0.2814219295978546,-6.779654502868652,0.0
1630484,0.0,2.061307668685913,125.91451263427734,0.0,0.0,-5.9082231521606445,13.350956916809082,-0.29162272810935974,-5.9082231521606445,0.0
1630489,0.0,2.061556339263916,7.419778347015381,0.0,0.0,-4.457333087921143,13.349270820617676,-0.4437234699726105,-4.457333087921143,0.0
1630494,0.0,2.1434714794158936,271.6659851074219,0.0,0.0,-2.5692825317382812,13.347358703613281,-0.44243448972702026,-2.5692825317382812,0.0
1630499,0.0,2.0597918033599854,-51.46561050415039,0.0,0.0,-0.42924514412879944,13.345315933227539,-0.31162428855895996,-0.42924514412879944,0.0
1630504,0.0,2.0608701705932617,-4.4087371826171875,0.0,0.0,1.7528910636901855,13.34391975402832,-0.15030735731124878,1.7528910636901855,0.0
1630509,0.0,2.063021421432495,0.534635603427887,0.0,0.0,3.7631094455718994,13.346447944641113,0.09060706198215485,3.7631094455718994,0.0
1630514,0.0,2.06252121925354,3.457468032836914,0.0,0.0,5.404254913330078,13.345258712768555,-0.3105820417404175,5.404254913330078,0.0
1630519,0.0,2.0604898929595947,-4.985988616943359,0.0,0.0,6.515368938446045,13.344090461730957,-0.25121957063674927,6.515368938446045,0.0
1630524,0.0,2.0549590587615967,-22.4305477142334,0.0,0.0,6.987476825714111,13.343649864196777,-0.11040860414505005,6.987476825714111,0.0
1630529,0.0,2.0625839233398438,4.011512756347656,0.0,0.0,6.7742767333984375,13.343542098999023,-0.008334687910974026,6.7742767333984375,0.0
1630534,0.0,2.061460494995117,-2.7042107582092285,0.0,0.0,5.8966779708862305,13.344345092773438,0.29260462522506714,5.8966779708862305,0.0
1630539,0.0,2.060882329940796,1.5081175565719604,0.0,0.0,4.482124328613281,13.345983505249023,0.3305167257785797,4.482124328613281,0.0
1630544,0.0,2.061415672302246,-2.805205821990967,0.0,0.0,2.5992202758789062,13.348140716552734,0.4624360501766205,2.5992202758789062,0.0
1630549,0.0,2.0611369609832764,-1.2306252717971802,0.0,0.0,0.46139347553253174,13.350043296813965,0.16135399043560028,0.46139347553253174,0.0
1630554,0.0,2.0616791248321533,-3.299327850341797,0.0,0.0,-1.7216854095458984,13.349968910217285,-0.6558517813682556,-1.7216854095458984,0.0
1630559,0.0,2.0630784034729004,4.250345706939697,0.0,0.0,-3.7359070777893066,13.349318504333496,0.24141880869865417,-3.7359070777893066,0.0
1630564,0.0,2.062089681625366,0.1912149041891098,0.0,0.0,-5.383723258972168,13.35091781616211,0.3429775834083557,-5.383723258972168,0.0
1630569,0.0,2.062943458557129,5.961267471313477,0.0,0.0,-6.503521919250488,13.352245330810547,0.29044803977012634,-6.503521919250488,0.0
1630574,0.0,2.056609869003296,-18.77106285095215,0.0,0.0,-6.985476970672607,13.352685928344727,0.009901103563606739,-6.985476970672607,0.0
1630579,0.0,2.0622634887695312,-0.170987069606781,0.0,0.0,-6.78231954574585,13.352209091186523,-0.24121880531311035,-6.78231954574585,0.0
1630584,0.0,2.0623624324798584,3.577873468399048,0.0,0.0,-5.913974761962891,13.35107707977295,-0.2204773724079132,-5.913974761962891,0.0
1630589,0.0,2.0632760524749756,0.7640595436096191,0.0,0.0,-4.465607166290283,13.349396705627441,-0.4824376106262207,-4.465607166290283,0.0
1630594,0.0,2.0631802082061768,4.741077899932861,0.0,0.0,-2.579267740249634,13.34736156463623,-0.3429775834083557,-2.579267740249634,0.0
1630599,0.0,2.0620837211608887,-5.911660671234131,0.0,0.0,-0.4399622976779938,13.34540843963623,-0.42243292927742004,-0.4399622976779938,0.0
1630604,0.0,2.0619819164276123,2.4129879474639893,0.0,0.0,1.7424932718276978,13.344027519226074,-0.1102386862039566,1.7424932718276978,0.0
1630609,0.0,2.0618350505828857,-1.9201496839523315,0.0,0.0,3.7540509700775146,13.346508026123047,0.25226613879203796,3.7540509700775146,0.0
1630614,0.0,2.061340570449829,1.6081253290176392,0.0,0.0,5.39742374420166,13.345252990722656,-0.28947991132736206,5.39742374420166,0.0
1630619,0.0,2.0625839233398438,3.89762544631958,0.0,0.0,6.511435031890869,13.344195365905762,-0.18040870130062103,6.511435031890869,0.0
1630624,0.0,2.062020778656006,-1.2768994569778442,0.0,0.0,6.9868268966674805,13.343718528747559,-0.05037295073270798,6.9868268966674805,0.0
1630629,0.0,2.06147837638855,-0.8782152533531189,0.0,0.0,6.776973724365234,13.343581199645996,-0.07953865081071854,6.776973724365234,0.0
1630634,0.0,2.0632431507110596,11.195478439331055,0.0,0.0,5.9024577140808105,13.344345092773438,0.2605460584163666,5.9024577140808105,0.0
1630639,0.0,2.0624492168426514,-0.7160584926605225,0.0,0.0,4.449048042297363,13.346091270446777,0.3530120253562927,4.449048042297363,0.0
1630644,0.0,2.066718578338623,10.904640197753906,0.0,0.0,2.559290885925293,13.348230361938477,0.42223289608955383,2.559290885925293,0.0
1630649,0.0,2.0401735305786133,-66.55997467041016,0.0,0.0,0.4185270071029663,13.350067138671875,0.44223445653915405,0.4185270071029663,0.0
1630654,0.0,2.061990737915039,-1.4224839210510254,0.0,0.0,-1.763284683227539,13.350069999694824,-0.5348362922668457,-1.763284683227539,0.0
1630659,0.0,2.0607175827026367,-5.971703052520752,0.0,0.0,-3.7721593379974365,13.349396705627441,0.23121802508831024,-3.7721593379974365,0.0
1630664,0.0,2.064115047454834,8.6077880859375,0.0,0.0,-5.376854419708252,13.35086727142334,0.2204773724079132,-5.376854419708252,0.0
1630669,0.0,2.062152624130249,-1.1294779777526855,0.0,0.0,-6.499542713165283,13.352203369140625,0.2914227247238159,-6.499542713165283,0.0
1630674,0.0,2.062760829925537,2.7237517833709717,0.0,0.0,-6.984777450561523,13.352670669555664,0.009901103563606739,-6.984777450561523,0.0
1630679,0.0,2.060819387435913,-3.467036724090576,0.0,0.0,-6.784968852996826,13.352242469787598,-0.22121724486351013,-6.784968852996826,0.0
1630684,0.0,2.062943458557129,9.359929084777832,0.0,0.0,-5.919712543487549,13.350980758666992,-0.30162349343299866,-5.919712543487549,0.0
1630689,0.0,2.06133770942688,-4.216878414154053,0.0,0.0,-4.473871231079102,13.349297523498535,-0.43223369121551514,-4.473871231079102,0.0
1630694,0.0,2.0623772144317627,2.8754241466522217,0.0,0.0,-2.589247226715088,13.347347259521484,-0.43243369460105896,-2.589247226715088,0.0
1630699,0.0,2.0609841346740723,-1.906545877456665,0.0,0.0,-0.45067840814590454,13.345321655273438,-0.19101488590240479,-0.45067840814590454,0.0
1630704,0.0,2.0610439777374268,-4.61475944519043,0.0,0.0,1.7320913076400757,13.34396743774414,-0.07040548324584961,1.7320913076400757,0.0
1630709,0.0,2.063096284866333,3.3778631687164307,0.0,0.0,3.744983434677124,13.346445083618164,0.2814219295978546,3.744983434677124,0.0
1630714,0.0,2.062727928161621,2.654606819152832,0.0,0.0,5.390579700469971,13.345208168029785,-0.23121802508831024,5.390579700469971,0.0
1630719,0.0,2.062248468399048,4.979679107666016,0.0,0.0,6.507486343383789,13.34412956237793,-0.15030735731124878,6.507486343383789,0.0
1630724,0.0,2.0626139640808105,6.363696098327637,0.0,0.0,6.9861602783203125,13.343628883361816,-0.05020391196012497,6.9861602783203125,0.0
1630729,0.0,2.062913656234741,5.034083843231201,0.0,0.0,6.779654502868652,13.34350872039795,-0.010033449158072472,6.779654502868652,0.0
1630734,0.0,2.0621886253356934,3.0866832733154297,0.0,0.0,5.9082231521606445,13.344245910644531,0.2804807126522064,5.9082231521606445,0.0
1630739,0.0,1.9819092750549316,-265.87432861328125,0.0,0.0,4.457333087921143,13.345948219299316,0.30061471462249756,4.457333087921143,0.0
1630744,0.0,2.0607175827026367,-1.3614745140075684,0.0,0.0,2.5692825317382812,13.348066329956055,0.30263906717300415,2.5692825317382812,0.0
1630749,0.0,2.0629913806915283,-2.332981824874878,0.0,0.0,0.42924514412879944,13.34994125366211,0.3105820417404175,0.42924514412879944,0.0
1630754,0.0,2.0625569820404053,2.7956371307373047,0.0,0.0,-1.7528910636901855,13.350013732910156,-0.5530431270599365,-1.7528910636901855,0.0
1630759,0.0,2.0635697841644287,3.0568954944610596,0.0,0.0,-3.7631094455718994,13.349222183227539,0.17081330716609955,-3.7631094455718994,0.0
1630764,0.0,2.0622963905334473,0.5832454562187195,0.0,0.0,-5.404254913330078,13.35086441040039,0.45092207193374634,-5.404254913330078,0.0
1630769,0.0,2.0619008541107178,-2.1043031215667725,0.0,0.0,-6.515368938446045,13.35205078125,0.12020602077245712,-6.515368938446045,0.0
1630774,0.0,2.062053680419922,-0.38371744751930237,0.0,0.0,-6.987476825714111,13.352593421936035,0.05990267172455788,-6.987476825714111,0.0
1630779,0.0,2.0610082149505615,-3.7424492835998535,0.0,0.0,-6.7742767333984375,13.352092742919922,-0.19101488590240479,-6.7742767333984375,0.0
1630784,0.0,2.06247615814209,4.619260311126709,0.0,0.0,-5.8966779708862305,13.350900650024414,-0.3418266475200653,-5.8966779708862305,0.0
1630789,0.0,2.063551664352417,6.556912422180176,0.0,0.0,-4.482124328613281,13.34924030303955,-0.29162272810935974,-4.482124328613281,0.0
1630794,0.0,2.0634169578552246,3.9343080520629883,0.0,0.0,-2.5992202758789062,13.347221374511719,-0.3216250538825989,-2.5992202758789062,0.0
1630799,0.0,2.0614395141601562,0.06000467762351036,0.0,0.0,-0.46139347553253174,13.345211029052734,-0.5026391744613647,-0.46139347553253174,0.0
1630804,0.0,2.0617361068725586,0.7264943718910217,0.0,0.0,1.7216854095458984,13.343826293945312,-0.1009465903043747,1.7216854095458984,0.0
1630809,0.0,2.0626888275146484,1.7689378261566162,0.0,0.0,3.7359070777893066,13.346382141113281,0.1308102011680603,3.7359070777893066,0.0
1630814,0.0,2.062272548675537,4.629626274108887,0.0,0.0,5.383723258972168,13.34515380859375,-0.31162428855895996,5.383723258972168,0.0
1630819,0.0,2.0612478256225586,0.8144634962081909,0.0,0.0,6.503521919250488,13.344027519226074,-0.20169249176979065,6.503521919250488,0.0
1630824,0.0,2.0613765716552734,-2.60420298576355,0.0,0.0,6.985476970672607,13.343547821044922,-0.05020391196012497,6.985476970672607,0.0
1630829,0.0,2.1448917388916016,281.341064453125,0.0,0.0,6.78231954574585,13.343437194824219,-0.02985191158950329,6.78231954574585,0.0
1630834,0.0,2.063788414001465,6.152479648590088,0.0,0.0,5.913974761962891,13.344258308410645,0.30162349343299866,5.913974761962891,0.0
1630839,0.0,2.060720443725586,-8.423320770263672,0.0,0.0,4.465607166290283,13.346014022827148,0.52460116147995,4.465607166290283,0.0
1630844,0.0,2.061772108078003,-4.54435396194458,0.0,0.0,2.579267740249634,13.348030090332031,0.5630438923835754,2.579267740249634,0.0
1630849,0.0,2.0631563663482666,4.287520885467529,0.0,0.0,0.4399622976779938,13.349971771240234,0.36324718594551086,0.4399622976779938,0.0
1630854,0.0,2.0607833862304688,-1.035259485244751,0.0,0.0,-1.7424932718276978,13.349869728088379,-0.6232485771179199,-1.7424932718276978,0.0
1630859,0.0,2.062380313873291,-0.5528430938720703,0.0,0.0,-3.7540509700775146,13.349234580993652,0.24041204154491425,-3.7540509700775146,0.0
1630864,0.0,2.0629374980926514,5.418822288513184,0.0,0.0,-5.39742374420166,13.35079574584961,0.28162193298339844,-5.39742374420166,0.0
1630869,0.0,2.062512159347534,-3.296396017074585,0.0,0.0,-6.511435031890869,13.352071762084961,0.2204773724079132,-6.511435031890869,0.0
1630874,0.0,2.0615804195404053,-2.5033950805664062,0.0,0.0,-6.9868268966674805,13.35256290435791,0.1382906436920166,-6.9868268966674805,0.0
1630879,0.0,2.061688184738159,-1.180051565170288,0.0,0.0,-6.776973724365234,13.352105140686035,-0.14108440279960632,-6.776973724365234,0.0
1630884,0.0,2.062182664871216,1.4281113147735596,0.0,0.0,-5.9024577140808105,13.350854873657227,-0.2605460584163666,-5.9024577140808105,0.0
1630889,0.0,2.062934637069702,7.047749042510986,0.0,0.0,-4.449048042297363,13.349282264709473,-0.3418266475200653,-4.449048042297363,0.0
1630894,0.0,2.0623083114624023,-2.451617479324341,0.0,0.0,-2.559290885925293,13.347269058227539,-0.36202821135520935,-2.559290885925293,0.0
1630899,0.0,2.0622963905334473,-0.1814229041337967,0.0,0.0,-0.4185270071029663,13.34520149230957,-0.4122321307659149,-0.4185270071029663,0.0
1630904,0.0,2.0618979930877686,0.791804850101471,0.0,0.0,1.763284683227539,13.343889236450195,-0.18101410567760468,1.763284683227539,0.0
1630909,0.0,2.0623562335968018,-0.968926727771759,0.0,0.0,3.7721593379974365,13.346429824829102,0.25226613879203796,3.7721593379974365,0.0
1630914,0.0,2.0623652935028076,-3.046637535095215,0.0,0.0,5.376854419708252,13.3451509475708,-0.3095467984676361,5.376854419708252,0.0
1630919,0.0,2.0617990493774414,4.659129619598389,0.0,0.0,6.499542713165283,13.344114303588867,-0.19101488590240479,6.499542713165283,0.0
1630924,0.0,2.0631651878356934,4.982707500457764,0.0,0.0,6.984777450561523,13.343620300292969,-0.08067699521780014,6.984777450561523,0.0
1630929,0.0,2.061589241027832,-2.8754725456237793,0.0,0.0,6.784968852996826,13.343523979187012,-0.0033663753420114517,6.784968852996826,0.0
1630934,0.0,2.0634498596191406,6.252307891845703,0.0,0.0,5.919712543487549,13.344305992126465,0.2605460584163666,5.919712543487549,0.0
1630939,0.0,2.0621166229248047,0.8744681477546692,0.0,0.0,4.473871231079102,13.346070289611816,0.3329431116580963,4.473871231079102,0.0
1630944,0.0,2.062467098236084,7.429378986358643,0.0,0.0,2.589247226715088,13.348051071166992,0.42243292927742004,2.589247226715088,0.0
1630949,0.0,2.0622215270996094,2.573800563812256,0.0,0.0,0.45067840814590454,13.350052833557129,0.3907194137573242,0.45067840814590454,0.0
1630954,0.0,2.0625929832458496,1.9771884679794312,0.0,0.0,-1.7320913076400757,13.350016593933105,-0.7640595436096191,-1.7320913076400757,0.0
1630959,0.0,2.0624313354492188,-2.1409668922424316,0.0,0.0,-3.744983434677124,13.349371910095215,0.2514196038246155,-3.744983434677124,0.0
1630964,0.0,2.062032699584961,0.2703140377998352,0.0,0.0,-5.390579700469971,13.350930213928223,0.3807520568370819,-5.390579700469971,0.0
1630969,0.0,2.0621166229248047,-0.5632438659667969,0.0,0.0,-6.507486343383789,13.352248191833496,0.19101488590240479,-6.507486343383789,0.0
1630974,0.0,2.062889575958252,6.34369421005249,0.0,0.0,-6.9861602783203125,13.352754592895508,0.033320192247629166,-6.9861602783203125,0.0
1630979,0.0,2.061394691467285,-0.12000935524702072,0.0,0.0,-6.779654502868652,13.352311134338379,-0.14034003019332886,-6.779654502868652,0.0
1630984,0.0,2.0608911514282227,-5.741247177124023,0.0,0.0,-5.9082231521606445,13.35107135772705,-0.30162349343299866,-5.9082231521606445,0.0
1630989,0.0,2.062577962875366,-0.22161726653575897,0.0,0.0,-4.457333087921143,13.349534034729004,-0.36081740260124207,-4.457333087921143,0.0
1630994,0.0,2.0491316318511963,-37.87665939331055,0.0,0.0,-2.5692825317382812,13.3474760055542,-0.44223445653915405,-2.5692825317382812,0.0
1630999,0.0,2.063096284866333,2.6538069248199463,0.0,0.0,-0.42924514412879944,13.345438003540039,-0.30263906717300415,-0.42924514412879944,0.0
1631004,0.0,2.0617780685424805,4.882363319396973,0.0,0.0,1.7528910636901855,13.344062805175781,-0.1602746993303299,1.7528910636901855,0.0
1631009,0.0,2.0609960556030273,2.7667644023895264,0.0,0.0,3.7631094455718994,13.34659481048584,0.28162193298339844,3.7631094455718994,0.0
1631014,0.0,2.062107563018799,-1.8297425508499146,0.0,0.0,5.404254913330078,13.34536361694336,-0.3329431116580963,5.404254913330078,0.0
1631019,0.0,2.0624372959136963,4.997189521789551,0.0,0.0,6.515368938446045,13.34424877166748,-0.13061018288135529,6.515368938446045,0.0
1631024,0.0,2.061373710632324,-2.384185791015625,0.0,0.0,6.987476825714111,13.343802452087402,-0.13848735392093658,6.987476825714111,0.0
1631029,0.0,2.062617063522339,3.0368266105651855,0.0,0.0,6.7742767333984375,13.3436861038208,-0.029703963547945023,6.7742767333984375,0.0
1631034,0.0,2.0469205379486084,-49.84788513183594,0.0,0.0,5.8966779708862305,13.344539642333984,0.4307880699634552,5.8966779708862305,0.0
1631039,0.0,2.0619099140167236,-3.368262529373169,0.0,0.0,4.482124328613281,13.346190452575684,0.3909187614917755,4.482124328613281,0.0
1631044,0.0,2.061427593231201,0.4543600082397461,0.0,0.0,2.5992202758789062,13.34829044342041,0.30263906717300415,2.5992202758789062,0.0
1631049,0.0,2.0615293979644775,-3.671806812286377,0.0,0.0,0.46139347553253174,13.350250244140625,0.23121802508831024,0.46139347553253174,0.0
1631054,0.0,2.0618889331817627,-3.9478607177734375,0.0,0.0,-1.7216854095458984,13.350202560424805,-0.663651704788208,-1.7216854095458984,0.0
1631059,0.0,2.0633928775787354,4.54435396194458,0.0,0.0,-3.7359070777893066,13.349518775939941,0.262300580739975,-3.7359070777893066,0.0
1631064,0.0,2.0391578674316406,-82.8604965209961,0.0,0.0,-5.383723258972168,13.351064682006836,0.22891353070735931,-5.383723258972168,0.0
1631069,0.0,2.063000440597534,4.899940490722656,0.0,0.0,-6.503521919250488,13.35233211517334,0.3105820417404175,-6.503521919250488,0.0
1631074,0.0,2.0633509159088135,3.2680203914642334,0.0,0.0,-6.985476970672607,13.352814674377441,0.0302023533731699,-6.985476970672607,0.0
1631079,0.0,2.0604329109191895,0.5049336552619934,0.0,0.0,-6.78231954574585,13.35230827331543,-0.25121957063674927,-6.78231954574585,0.0
1631084,0.0,2.060927152633667,-3.5276379585266113,0.0,0.0,-5.913974761962891,13.351152420043945,-0.25057873129844666,-5.913974761962891,0.0
1631089,0.0,2.0617451667785645,0.8372746706008911,0.0,0.0,-4.465607166290283,13.349489212036133,-0.36324718594551086,-4.465607166290283,0.0
1631094,0.0,2.0625271797180176,-3.1676759719848633,0.0,0.0,-2.579267740249634,13.347452163696289,-0.3118242919445038,-2.579267740249634,0.0
1631099,0.0,2.0618948936462402,-0.3920305371284485,0.0,0.0,-0.4399622976779938,13.345462799072266,-0.42223289608955383,-0.4399622976779938,0.0
1631104,0.0,2.062736749649048,3.226651430130005,0.0,0.0,1.7424932718276978,13.344090461730957,-0.07044185698032379,1.7424932718276978,0.0
1631109,0.0,2.061349630355835,-1.7146872282028198,0.0,0.0,3.7540509700775146,13.346636772155762,0.08040626347064972,3.7540509700775146,0.0
1631114,0.0,2.0601513385772705,-63.6585578918457,0.0,0.0,5.39742374420166,13.345372200012207,-0.2806800603866577,5.39742374420166,0.0
1631119,0.0,2.0610170364379883,-2.2292540073394775,0.0,0.0,6.511435031890869,13.344206809997559,-0.211016446352005,6.511435031890869,0.0
1631124,0.0,2.062608003616333,-1.769737958908081,0.0,0.0,6.9868268966674805,13.343730926513672,-0.13017335534095764,6.9868268966674805,0.0
1631129,0.0,2.0595760345458984,-7.669926166534424,0.0,0.0,6.776973724365234,13.343631744384766,-0.00497534591704607,6.776973724365234,0.0
1631134,0.0,2.0620477199554443,3.8811025619506836,0.0,0.0,5.9024577140808105,13.344452857971191,0.28162193298339844,5.9024577140808105,0.0
1631139,0.0,2.0628507137298584,7.737766742706299,0.0,0.0,4.449048042297363,13.346205711364746,0.43223369121551514,4.449048042297363,0.0
1631144,0.0,2.062533140182495,-0.57743239402771,0.0,0.0,2.559290885925293,13.348203659057617,0.5530431270599365,2.559290885925293,0.0
1631149,0.0,2.062826633453369,1.0186976194381714,0.0,0.0,0.4185270071029663,13.350142478942871,0.24223168194293976,0.4185270071029663,0.0
1631154,0.0,2.0615413188934326,-2.138542413711548,0.0,0.0,-1.763284683227539,13.350055694580078,-0.7340571880340576,-1.763284683227539,0.0
1631159,0.0,2.0625810623168945,-3.623012065887451,0.0,0.0,-3.7721593379974365,13.349471092224121,0.30162349343299866,-3.7721593379974365,0.0
1631164,0.0,2.064246892929077,6.997345447540283,0.0,0.0,-5.376854419708252,13.350956916809082,0.2614203691482544,-5.376854419708252,0.0
1631169,0.0,2.0611460208892822,-2.6538069248199463,0.0,0.0,-6.499542713165283,13.352269172668457,0.210310697555542,-6.499542713165283,0.0
1631174,0.0,2.062413215637207,2.3825857639312744,0.0,0.0,-6.984777450561523,13.352701187133789,0.02006756141781807,-6.984777450561523,0.0
1631179,0.0,2.060798406600952,1.5585215091705322,0.0,0.0,-6.784968852996826,13.352203369140625,-0.23219722509384155,-6.784968852996826,0.0
1631184,0.0,2.060981035232544,16.206863403320312,0.0,0.0,-5.919712543487549,13.350956916809082,-0.4022313356399536,-5.919712543487549,0.0
1631189,0.0,2.0614125728607178,-1.6993324756622314,0.0,0.0,-4.473871231079102,13.349392890930176,-0.4626360535621643,-4.473871231079102,0.0
1631194,0.0,2.061655282974243,-2.27217698097229,0.0,0.0,-2.589247226715088,13.347350120544434,-0.41362011432647705,-2.589247226715088,0.0
1631199,0.0,2.0605647563934326,-7.852612018585205,0.0,0.0,-0.45067840814590454,13.345453262329102,-0.29064738750457764,-0.45067840814590454,0.0
1631204,0.0,2.061861991882324,0.9489060044288635,0.0,0.0,1.7320913076400757,13.344027519226074,-0.09040704369544983,1.7320913076400757,0.0
1631209,0.0,2.061805009841919,45.031410217285156,0.0,0.0,3.744983434677124,13.346552848815918,0.15131953358650208,3.744983434677124,0.0
1631214,0.0,2.0608222484588623,-7.209362030029297,0.0,0.0,5.390579700469971,13.345163345336914,-0.36061805486679077,5.390579700469971,0.0
1631219,0.0,2.062182664871216,-1.3826682567596436,0.0,0.0,6.507486343383789,13.344101905822754,-0.16081252694129944,6.507486343383789,0.0
1631224,0.0,2.06103515625,0.7440580129623413,0.0,0.0,6.9861602783203125,13.343607902526855,-0.05037295073270798,6.9861602783203125,0.0
1631229,0.0,2.0618350505828857,-0.05040392652153969,0.0,0.0,6.779654502868652,13.343500137329102,-0.0033701073843985796,6.779654502868652,0.0
1631234,0.0,2.0615203380584717,6.800492763519287,0.0,0.0,5.9082231521606445,13.344264030456543,0.2204773724079132,5.9082231521606445,0.0
1631239,0.0,2.061892032623291,-2.713315963745117,0.0,0.0,4.457333087921143,13.34605598449707,0.3429775834083557,4.457333087921143,0.0
1631244,0.0,2.06117582321167,-2.684209108352661,0.0,0.0,2.5692825317382812,13.34808349609375,0.5910627841949463,2.5692825317382812,0.0
1631249,0.0,2.0618650913238525,0.9152713418006897,0.0,0.0,0.42924514412879944,13.349992752075195,0.4022313356399536,0.42924514412879944,0.0
1631254,0.0,2.0609841346740723,-1.5942738056182861,0.0,0.0,-1.7528910636901855,13.350043296813965,-0.6859551668167114,-1.7528910636901855,0.0
1631259,0.0,2.0606696605682373,3.793022871017456,0.0,0.0,-3.7631094455718994,13.349405288696289,0.2614203691482544,-3.7631094455718994,0.0
1631264,0.0,2.0605885982513428,-3.286827325820923,0.0,0.0,-5.404254913330078,13.350831031799316,0.1602746993303299,-5.404254913330078,0.0
1631269,0.0,2.034813642501831,-91.11830139160156,0.0,0.0,-6.515368938446045,13.352140426635742,0.18101410567760468,-6.515368938446045,0.0
1631274,0.0,2.0633180141448975,-0.11078035086393356,0.0,0.0,-6.987476825714111,13.352611541748047,0.1109810397028923,-6.987476825714111,0.0
1631279,0.0,2.0616822242736816,1.7638189792633057,0.0,0.0,-6.7742767333984375,13.352126121520996,-0.2010156661272049,-6.7742767333984375,0.0
1631284,0.0,2.060513734817505,-20.79058265686035,0.0,0.0,-5.8966779708862305,13.350912094116211,-0.3518274128437042,-5.8966779708862305,0.0
1631289,0.0,2.0611369609832764,-0.5328415036201477,0.0,0.0,-4.482124328613281,13.349360466003418,-0.35065072774887085,-4.482124328613281,0.0
1631294,0.0,2.062380313873291,2.254211664199829,0.0,0.0,-2.5992202758789062,13.347329139709473,-0.3920305371284485,-2.5992202758789062,0.0
1631299,0.0,2.0613677501678467,0.2119276374578476,0.0,0.0,-0.46139347553253174,13.345324516296387,-0.2631867229938507,-0.46139347553253174,0.0
1631304,0.0,2.0322070121765137,-100.02021026611328,0.0,0.0,1.7216854095458984,13.343973159790039,-0.04020313173532486,1.7216854095458984,0.0
1631309,0.0,2.062769889831543,1.7941197156906128,0.0,0.0,3.7359070777893066,13.346487045288086,0.23121802508831024,3.7359070777893066,0.0
1631314,0.0,2.0633718967437744,3.9811103343963623,0.0,0.0,5.383723258972168,13.345142364501953,-0.48406198620796204,5.383723258972168,0.0
1631319,0.0,2.061307668685913,-0.8544666171073914,0.0,0.0,6.503521919250488,13.344048500061035,-0.13017335534095764,6.503521919250488,0.0
1631324,0.0,2.062098741531372,3.247452974319458,0.0,0.0,6.985476970672607,13.343547821044922,-0.09010467678308487,6.985476970672607,0.0
1631329,0.0,2.062020778656006,0.8477105498313904,0.0,0.0,6.78231954574585,13.34345531463623,-0.07064254581928253,6.78231954574585,0.0
1631334,0.0,2.062371253967285,0.7112687826156616,0.0,0.0,5.913974761962891,13.344209671020508,0.1602746993303299,5.913974761962891,0.0
1631339,0.0,2.0629734992980957,5.599636554718018,0.0,0.0,4.465607166290283,13.346022605895996,0.4022313356399536,4.465607166290283,0.0
1631344,0.0,2.061241865158081,-1.5078363418579102,0.0,0.0,2.579267740249634,13.348119735717773,0.36324718594551086,2.579267740249634,0.0
1631349,0.0,2.06170916557312,0.7440580129623413,0.0,0.0,0.4399622976779938,13.350004196166992,0.2716211676597595,0.4399622976779938,0.0
1631354,0.0,2.0605525970458984,-6.756526470184326,0.0,0.0,-1.7424932718276978,13.350160598754883,-0.5912621021270752,-1.7424932718276978,0.0
1631359,0.0,2.0622215270996094,4.186373710632324,0.0,0.0,-3.7540509700775146,13.349417686462402,0.09060706198215485,-3.7540509700775146,0.0
1631364,0.0,2.060927152633667,-3.797952175140381,0.0,0.0,-5.39742374420166,13.350870132446289,0.29044803977012634,-5.39742374420166,0.0
1631369,0.0,2.0613226890563965,-1.005678415298462,0.0,0.0,-6.511435031890869,13.352167129516602,0.1102386862039566,-6.511435031890869,0.0
1631374,0.0,2.0378305912017822,-78.0684814453125,0.0,0.0,-6.9868268966674805,13.352649688720703,0.009835749864578247,-6.9868268966674805,0.0
1631379,0.0,2.0604329109191895,-2.2693917751312256,0.0,0.0,-6.776973724365234,13.352158546447754,-0.24121880531311035,-6.776973724365234,0.0
1631384,0.0,2.0618679523468018,4.950175762176514,0.0,0.0,-5.9024577140808105,13.351005554199219,-0.2806800603866577,-5.9024577140808105,0.0
1631389,0.0,2.0604028701782227,28.59899139404297,0.0,0.0,-4.449048042297363,13.349363327026367,-0.3618282079696655,-4.449048042297363,0.0
1631394,0.0,2.0626258850097656,2.965381383895874,0.0,0.0,-2.559290885925293,13.347334861755371,-0.36202821135520935,-2.559290885925293,0.0
1631399,0.0,2.0613646507263184,-3.404395580291748,0.0,0.0,-0.4185270071029663,13.345438003540039,-0.38202977180480957,-0.4185270071029663,0.0
1631404,0.0,2.0611369609832764,-2.7542564868927,0.0,0.0,1.763284683227539,13.344059944152832,-0.030304046347737312,1.763284683227539,0.0
1631409,0.0,2.063054323196411,6.486269950866699,0.0,0.0,3.7721593379974365,13.346639633178711,0.1406109631061554,3.7721593379974365,0.0
1631414,0.0,2.061718225479126,-2.264577865600586,0.0,0.0,5.376854419708252,13.345303535461426,-0.370784729719162,5.376854419708252,0.0
1631419,0.0,2.0616912841796875,3.379603624343872,0.0,0.0,6.499542713165283,13.344216346740723,-0.07040548324584961,6.499542713165283,0.0
1631424,0.0,2.0622036457061768,1.9474865198135376,0.0,0.0,6.984777450561523,13.343697547912598,-0.055027324706315994,6.984777450561523,0.0
1631429,0.0,2.0619428157806396,0.5624438524246216,0.0,0.0,6.784968852996826,13.343616485595703,-0.02010156586766243,6.784968852996826,0.0
1631434,0.0,2.059644937515259,-21.2536563873291,0.0,0.0,5.919712543487549,13.344470977783203,0.2914227247238159,5.919712543487549,0.0
1631439,0.0,2.0847697257995605,74.76022338867188,0.0,0.0,4.473871231079102,13.346139907836914,0.30162349343299866,4.473871231079102,0.0
1631444,0.0,2.062988519668579,3.458669424057007,0.0,0.0,2.589247226715088,13.348276138305664,0.46088942885398865,2.589247226715088,0.0
1631449,0.0,2.061460494995117,-2.9758172035217285,0.0,0.0,0.45067840814590454,13.350234985351562,0.25226613879203796,0.45067840814590454,0.0
1631454,0.0,2.0635488033294678,86.71475982666016,0.0,0.0,-1.7320913076400757,13.35037612915039,-0.6634517312049866,-1.7320913076400757,0.0
1631459,0.0,2.062281370162964,4.0315141677856445,0.0,0.0,-3.744983434677124,13.349626541137695,0.19101488590240479,-3.744983434677124,0.0
1631464,0.0,2.061068058013916,2.4329895973205566,0.0,0.0,-5.390579700469971,13.351140022277832,0.3429775834083557,-5.390579700469971,0.0
1631469,0.0,2.0622754096984863,3.166421890258789,0.0,0.0,-6.507486343383789,13.352365493774414,0.19037602841854095,-6.507486343383789,0.0
1631474,0.0,2.061373710632324,-1.819341778755188,0.0,0.0,-6.9861602783203125,13.352890014648438,0.09071145206689835,-6.9861602783203125,0.0
1631479,0.0,2.0621705055236816,0.37202900648117065,0.0,0.0,-6.779654502868652,13.352389335632324,-0.1713884472846985,-6.779654502868652,0.0
1631484,0.0,2.062293529510498,-125.29254913330078,0.0,0.0,-5.9082231521606445,13.351232528686523,-0.3408827483654022,-5.9082231521606445,0.0
1631489,0.0,2.0617752075195312,-2.4950225353240967,0.0,0.0,-4.457333087921143,13.349641799926758,-0.2914227247238159,-4.457333087921143,0.0
1631494,0.0,2.0618529319763184,-2.138542413711548,0.0,0.0,-2.5692825317382812,13.347610473632812,-0.3530120253562927,-2.5692825317382812,0.0
1631499,0.0,2.060765504837036,-3.689887523651123,0.0,0.0,-0.42924514412879944,13.3456392288208,-0.541026771068573,-0.42924514412879944,0.0
1631504,0.0,2.0618319511413574,0.5509940981864929,0.0,0.0,1.7528910636901855,13.344264030456543,-0.14081096649169922,1.7528910636901855,0.0
1631509,0.0,2.0628178119659424,0.6253470778465271,0.0,0.0,3.7631094455718994,13.346834182739258,0.3429775834083557,3.7631094455718994,0.0
1631514,0.0,2.0632340908050537,0.6432501077651978,0.0,0.0,5.404254913330078,13.345453262329102,-0.40088608860969543,5.404254913330078,0.0
1631519,0.0,2.0117108821868896,-177.79965209960938,0.0,0.0,6.515368938446045,13.34438419342041,-0.22101722657680511,6.515368938446045,0.0
1631524,0.0,2.061511516571045,-6.173194885253906,0.0,0.0,6.987476825714111,13.343904495239258,-0.14128509163856506,6.987476825714111,0.0
1631529,0.0,2.0609092712402344,-5.719637870788574,0.0,0.0,6.7742767333984375,13.343811988830566,-0.005008793901652098,6.7742767333984375,0.0
1631534,-5.3905029296875,2.0618889331817627,-2.6249964237213135,2.0625,3.3490986824035645,0.0,-8.077115571466061e+24,3.6731426177319505e-30,-306.5001220703125,2.3174674003003825e-41
1631554,0.0,2.061990737915039,2.5214571952819824,0.0,0.0,-1.7216854095458984,13.350313186645508,-0.6232485771179199,-1.7216854095458984,0.0
1631559,0.0,2.0608432292938232,-0.5232408046722412,0.0,0.0,-3.7359070777893066,13.349665641784668,0.17101332545280457,-3.7359070777893066,0.0
1631564,0.0,2.062368392944336,3.677546739578247,0.0,0.0,-5.383723258972168,13.351200103759766,0.3118242919445038,-5.383723258972168,0.0
1631569,0.0,2.06182599067688,-2.6442060470581055,356791657431040.0,2.3079385707429737e-41,6.918911167603784e-41,0.0,-9.93129189996722e-17,2.781091399860871e-17,-3.950174098537133e-30
1632479,0.0,2.0629045963287354,5.901259899139404,0.0,0.0,-6.779654502868652,13.35228157043457,-0.23141802847385406,-6.779654502868652,0.0
1632484,0.0,2.0608134269714355,-6.706122398376465,0.0,0.0,-5.9082231521606445,13.35112476348877,-0.31162428855895996,-5.9082231521606445,0.0
1632489,0.0,2.0613884925842285,-0.8248642683029175,0.0,0.0,-4.457333087921143,13.349581718444824,-0.38202977180480957,-4.457333087921143,0.0
1632494,0.0,2.0610291957855225,-4.201927661895752,0.0,0.0,-2.5692825317382812,13.347622871398926,-0.4020313322544098,-2.5692825317382812,0.0
1632499,0.0,2.0601422786712646,-75.10346221923828,0.0,0.0,-0.42924514412879944,13.345707893371582,-0.31267353892326355,-0.42924514412879944,0.0
1632504,0.0,2.0619609355926514,-1.7853296995162964,0.0,0.0,1.7528910636901855,13.344339370727539,-0.04020313173532486,1.7528910636901855,0.0
1632509,0.0,2.061565399169922,2.1713693141937256,0.0,0.0,3.7631094455718994,13.34685230255127,0.23121802508831024,3.7631094455718994,0.0
1632514,0.0,2.070385694503784,22.86891746520996,0.0,0.0,5.404254913330078,13.345426559448242,-0.3418266475200653,5.404254913330078,0.0
1632519,0.0,2.063150405883789,2.4537911415100098,0.0,0.0,6.515368938446045,13.344282150268555,-0.12020602077245712,6.515368938446045,0.0
1632524,0.0,2.0624642372131348,1.2340736389160156,0.0,0.0,6.987476825714111,13.343802452087402,-0.04020313173532486,6.987476825714111,0.0
1632529,0.0,2.0636355876922607,1.7042514085769653,0.0,0.0,6.7742767333984375,13.343751907348633,0.004557151347398758,6.7742767333984375,0.0
1632534,0.0,2.0603220462799072,-8.322173118591309,0.0,0.0,5.8966779708862305,13.3446626663208,0.3395478129386902,5.8966779708862305,0.0
1632539,0.0,2.0626649856567383,-0.741569459438324,0.0,0.0,4.482124328613281,13.346394538879395,0.5832454562187195,4.482124328613281,0.0
1632544,0.0,2.062856674194336,0.39467939734458923,0.0,0.0,2.5992202758789062,13.348479270935059,0.4033849835395813,2.5992202758789062,0.0
1632549,0.0,2.063530683517456,9.360939979553223,0.0,0.0,0.46139347553253174,13.350478172302246,0.3118242919445038,0.46139347553253174,0.0
1632554,0.0,2.061850070953369,-2.827075958251953,0.0,0.0,-1.7216854095458984,13.35053825378418,-0.5026391744613647,-1.7216854095458984,0.0
1632559,0.0,2.0633270740509033,8.080543518066406,0.0,0.0,-3.7359070777893066,13.349956512451172,0.1713884472846985,-3.7359070777893066,0.0
1632564,0.0,2.060798406600952,-3.2074499130249023,0.0,0.0,-5.383723258972168,13.351316452026367,0.29064738750457764,-5.383723258972168,0.0
1632569,0.0,2.061589241027832,-7.375028133392334,0.0,0.0,-6.503521919250488,13.35251235961914,0.15081174671649933,-6.503521919250488,0.0
1632574,0.0,2.0624732971191406,5.024450778961182,0.0,0.0,-6.985476970672607,13.352964401245117,0.024769479408860207,-6.985476970672607,0.0
1632579,0.0,2.061673164367676,-0.061009470373392105,0.0,0.0,-6.78231954574585,13.352422714233398,-0.24121880531311035,-6.78231954574585,0.0
1632584,0.0,2.0621225833892822,1.4528383016586304,0.0,0.0,-5.913974761962891,13.351302146911621,-0.2914227247238159,-5.913974761962891,0.0
1632589,0.0,2.0616073608398438,-1.482690691947937,0.0,0.0,-4.465607166290283,13.349686622619629,-0.34317827224731445,-4.465607166290283,0.0
1632594,0.0,2.061589241027832,-3.770693778991699,0.0,0.0,-2.579267740249634,13.347829818725586,-0.4826376140117645,-2.579267740249634,0.0
1632599,0.0,2.0632221698760986,5.599636554718018,0.0,0.0,-0.4399622976779938,13.345860481262207,-0.5330415368080139,-0.4399622976779938,0.0
1632604,0.0,2.0614724159240723,-4.973877429962158,0.0,0.0,1.7424932718276978,13.344486236572266,-0.1109810397028923,1.7424932718276978,0.0
1632609,0.0,2.0625391006469727,6.466200828552246,0.0,0.0,3.7540509700775146,13.346999168395996,0.11060862243175507,3.7540509700775146,0.0
1632614,0.0,2.060741424560547,-5.180620193481445,0.0,0.0,5.39742374420166,13.345602989196777,-0.3205493986606598,5.39742374420166,0.0
1632619,0.0,2.0622904300689697,0.3616281747817993,0.0,0.0,6.511435031890869,13.344440460205078,-0.13104994595050812,6.511435031890869,0.0
1632624,0.0,2.0617151260375977,1.7135837078094482,0.0,0.0,6.9868268966674805,13.343931198120117,-0.02020157501101494,6.9868268966674805,0.0
1632629,0.0,2.0592193603515625,-6.478353977203369,0.0,0.0,6.776973724365234,13.343826293945312,-0.04054325819015503,6.776973724365234,0.0
1632634,0.0,2.062619924545288,2.3425824642181396,0.0,0.0,5.9024577140808105,13.344722747802734,0.30263906717300415,5.9024577140808105,0.0
1632639,0.0,2.0537846088409424,-29.909893035888672,0.0,0.0,4.449048042297363,13.346541404724121,0.44243448972702026,4.449048042297363,0.0
1632644,0.0,2.0619099140167236,-2.0602216720581055,0.0,0.0,2.559290885925293,13.348557472229004,0.5830454230308533,2.559290885925293,0.0
1632649,0.0,2.061814069747925,0.7361274361610413,0.0,0.0,0.4185270071029663,13.350504875183105,0.272335022687912,0.4185270071029663,0.0
1632654,0.0,2.062826633453369,1.200120449066162,0.0,0.0,-1.763284683227539,13.350510597229004,-0.5812947750091553,-1.763284683227539,0.0
1632659,0.0,2.0615503787994385,0.6970376968383789,0.0,0.0,-3.7721593379974365,13.34998607635498,0.10060784220695496,-3.7721593379974365,0.0
1632664,0.0,2.062317371368408,2.865023374557495,0.0,0.0,-5.376854419708252,13.35132884979248,0.2614203691482544,-5.376854419708252,0.0
1632669,0.0,2.0605077743530273,-3.3089609146118164,0.0,0.0,-6.499542713165283,13.352596282958984,0.17024202644824982,-6.499542713165283,0.0
1632674,0.0,2.062020778656006,-4.085226058959961,0.0,0.0,-6.984777450561523,13.352967262268066,0.0349680595099926,-6.984777450561523,0.0
1632679,0.0,2.060972213745117,-4.4488749504089355,0.0,0.0,-6.784968852996826,13.352452278137207,-0.22176139056682587,-6.784968852996826,0.0
1632684,0.0,2.0611040592193604,0.6936540603637695,0.0,0.0,-5.919712543487549,13.351271629333496,-0.2204773724079132,-5.919712543487549,0.0
1632689,0.0,2.061457633972168,1.5081175565719604,0.0,0.0,-4.473871231079102,13.34970474243164,-0.4122321307659149,-4.473871231079102,0.0
1632694,0.0,2.063261032104492,-0.010400810278952122,0.0,0.0,-2.589247226715088,13.347784042358398,-0.2823694944381714,-2.589247226715088,0.0
1632699,0.0,2.061403512954712,-4.590159893035889,0.0,0.0,-0.45067840814590454,13.3458251953125,-0.5830454230308533,-0.45067840814590454,0.0
1632704,0.0,2.06154727935791,0.3675289750099182,0.0,0.0,1.7320913076400757,13.344510078430176,-0.15081174671649933,1.7320913076400757,0.0
1632709,0.0,2.0612387657165527,0.6253470778465271,0.0,0.0,3.744983434677124,13.346999168395996,0.10074590146541595,3.744983434677124,0.0
1632714,0.0,2.063225269317627,5.419622421264648,0.0,0.0,5.390579700469971,13.345495223999023,-0.2705133855342865,5.390579700469971,0.0
1632719,0.0,2.0608763694763184,-3.8378214836120605,0.0,0.0,6.507486343383789,13.344429016113281,-0.13017335534095764,6.507486343383789,0.0
1632724,0.0,2.0616042613983154,-2.1489782333374023,0.0,0.0,6.9861602783203125,13.343844413757324,-0.06040605157613754,6.9861602783203125,0.0
1632729,0.0,2.0366711616516113,-83.2642822265625,0.0,0.0,6.779654502868652,13.343788146972656,0.004285858012735844,6.779654502868652,0.0
1632734,0.0,2.0610859394073486,0.30061471462249756,0.0,0.0,5.9082231521606445,13.34464168548584,0.2705133855342865,5.9082231521606445,0.0
1632739,0.0,2.060831308364868,-0.8774124979972839,0.0,0.0,4.457333087921143,13.346426963806152,0.2614203691482544,4.457333087921143,0.0
1632744,0.0,2.060393810272217,-4.166304588317871,0.0,0.0,2.5692825317382812,13.348554611206055,0.42223289608955383,2.5692825317382812,0.0
1632749,0.0,2.0615594387054443,-0.8760496973991394,0.0,0.0,0.42924514412879944,13.350436210632324,0.4524352550506592,0.42924514412879944,0.0
1632754,0.0,2.0613527297973633,-4.529150485992432,0.0,0.0,-1.7528910636901855,13.350522994995117,-0.47402751445770264,-1.7528910636901855,0.0
1632759,0.0,2.0620357990264893,-2.401043653488159,0.0,0.0,-3.7631094455718994,13.349983215332031,0.1308102011680603,-3.7631094455718994,0.0
1632764,0.0,2.061133861541748,-2.054067611694336,0.0,0.0,-5.404254913330078,13.351232528686523,0.26122036576271057,-5.404254913330078,0.0
1632769,0.0,2.062338352203369,1.1864924430847168,0.0,0.0,-6.515368938446045,13.35251522064209,0.2010156661272049,-6.515368938446045,0.0
1632774,0.0,2.062284469604492,4.166304588317871,0.0,0.0,-6.987476825714111,13.352901458740234,0.00497534591704607,-6.987476825714111,0.0
1632779,0.0,2.062404155731201,2.704735040664673,0.0,0.0,-6.7742767333984375,13.352392196655273,-0.2514196038246155,-6.7742767333984375,0.0
1632784,0.0,2.063530683517456,9.532730102539062,0.0,0.0,-5.8966779708862305,13.351239204406738,-0.22121724486351013,-5.8966779708862305,0.0
1632789,0.0,2.061643362045288,-3.186648368835449,0.0,0.0,-4.482124328613281,13.349567413330078,-0.43223369121551514,-4.482124328613281,0.0
1632794,0.0,2.0623652935028076,2.805018663406372,0.0,0.0,-2.5992202758789062,13.347697257995605,-0.4826376140117645,-2.5992202758789062,0.0
1632799,0.0,2.06231427192688,-0.7264943718910217,0.0,0.0,-0.46139347553253174,13.345794677734375,-0.2520654499530792,-0.46139347553253174,0.0
1632804,0.0,2.0637764930725098,30.433570861816406,0.0,0.0,1.7216854095458984,13.344398498535156,-0.10027135908603668,1.7216854095458984,0.0
1632809,0.0,2.0610530376434326,-3.036236524581909,0.0,0.0,3.7359070777893066,13.346891403198242,0.2012156844139099,3.7359070777893066,0.0
1632814,0.0,2.061565399169922,-0.2712211310863495,0.0,0.0,5.383723258972168,13.345426559448242,-0.3418266475200653,5.383723258972168,0.0
1632819,0.0,2.061781167984009,-0.14081096649169922,0.0,0.0,6.503521919250488,13.344279289245605,-0.14034003019332886,6.503521919250488,0.0
1632824,0.0,2.0624642372131348,1.2327595949172974,0.0,0.0,6.985476970672607,13.343767166137695,-0.015000502578914165,6.985476970672607,0.0
1632829,0.0,2.062748908996582,1.7011487483978271,0.0,0.0,6.78231954574585,13.343683242797852,-0.010056202299892902,6.78231954574585,0.0
1632834,0.0,2.0621914863586426,-4.363540172576904,0.0,0.0,5.913974761962891,13.344584465026855,0.24121880531311035,5.913974761962891,0.0
1632839,0.0,2.0634827613830566,3.166421890258789,0.0,0.0,4.465607166290283,13.34628677368164,0.37202900648117065,4.465607166290283,0.0
1632844,0.0,2.0615744590759277,-2.8144631385803223,0.0,0.0,2.579267740249634,13.348404884338379,0.4639930725097656,2.579267740249634,0.0
1632849,0.0,2.0610411167144775,-1.1056861877441406,0.0,0.0,0.4399622976779938,13.350324630737305,0.4826376140117645,0.4399622976779938,0.0
1632854,0.0,2.0626139640808105,2.67523193359375,0.0,0.0,-1.7424932718276978,13.350454330444336,-0.6134477853775024,-1.7424932718276978,0.0
1632859,0.0,2.0623772144317627,0.14128509163856506,0.0,0.0,-3.7540509700775146,13.349851608276367,0.060608092695474625,-3.7540509700775146,0.0
1632864,0.0,2.0617752075195312,-3.197049140930176,0.0,0.0,-5.39742374420166,13.351161003112793,0.18911108374595642,-5.39742374420166,0.0
1632869,0.0,2.0624701976776123,-0.1499086618423462,0.0,0.0,-6.511435031890869,13.352383613586426,0.2603467106819153,-6.511435031890869,0.0
1632874,0.0,2.0203306674957275,-140.52294921875,0.0,0.0,-6.9868268966674805,13.352785110473633,0.016604622825980186,-6.9868268966674805,0.0
1632879,0.0,2.062790870666504,3.6822426319122314,0.0,0.0,-6.776973724365234,13.352266311645508,-0.2219620794057846,-6.776973724365234,0.0
1632884,0.0,2.071946620941162,35.40869903564453,0.0,0.0,-5.9024577140808105,13.351161003112793,-0.26694223284721375,-5.9024577140808105,0.0
1632889,0.0,2.0626139640808105,1.7957655191421509,0.0,0.0,-4.449048042297363,13.349531173706055,-0.3630464971065521,-4.449048042297363,0.0
1632894,0.0,2.0620267391204834,7.444760799407959,0.0,0.0,-2.559290885925293,13.347601890563965,-0.211016446352005,-2.559290885925293,0.0
1632899,0.0,2.062389373779297,63.571353912353516,0.0,0.0,-0.4185270071029663,13.345726013183594,-0.3920305371284485,-0.4185270071029663,0.0
1632904,0.0,2.0623981952667236,-0.18222565948963165,0.0,0.0,1.763284683227539,13.344318389892578,-0.010034452192485332,1.763284683227539,0.0
1632909,0.0,2.0620837211608887,1.9401512145996094,0.0,0.0,3.7721593379974365,13.346834182739258,0.36202821135520935,3.7721593379974365,0.0
1632914,0.0,2.0602591037750244,-10.210535049438477,0.0,0.0,5.376854419708252,13.34541130065918,-0.25121957063674927,5.376854419708252,0.0
1632919,0.0,2.0631651878356934,6.41409969329834,0.0,0.0,6.499542713165283,13.34427261352539,-0.13061018288135529,6.499542713165283,0.0
1632924,0.0,2.0620806217193604,1.9001480340957642,0.0,0.0,6.984777450561523,13.343721389770508,-0.12060940265655518,6.984777450561523,0.0
1632929,0.0,2.0610110759735107,-5.519629955291748,0.0,0.0,6.784968852996826,13.34366512298584,-0.12101549655199051,6.784968852996826,0.0
1632934,0.0,2.060049295425415,-9.863168716430664,0.0,0.0,5.919712543487549,13.344560623168945,0.25121957063674927,5.919712543487549,0.0
1632939,0.0,2.0613017082214355,-0.31202432513237,0.0,0.0,4.473871231079102,13.346277236938477,0.37182897329330444,4.473871231079102,0.0
1632944,0.0,2.0620176792144775,-1.2829949855804443,0.0,0.0,2.589247226715088,13.348410606384277,0.5328415036201477,2.589247226715088,0.0
1632949,0.0,2.0627846717834473,-2.199551820755005,0.0,0.0,0.45067840814590454,13.350358009338379,0.3530120253562927,0.45067840814590454,0.0
1632954,0.0,2.062284469604492,7.831810474395752,0.0,0.0,-1.7320913076400757,13.350570678710938,-0.41085341572761536,-1.7320913076400757,0.0
1632959,0.0,2.0625181198120117,0.7944619059562683,0.0,0.0,-3.744983434677124,13.349950790405273,0.1308102011680603,-3.744983434677124,0.0
1632964,0.0,2.0633270740509033,19.74138069152832,0.0,0.0,-5.390579700469971,13.351226806640625,0.37202900648117065,-5.390579700469971,0.0
1632969,0.0,2.0614185333251953,-3.7373507022857666,0.0,0.0,-6.507486343383789,13.352418899536133,0.19101488590240479,-6.507486343383789,0.0
1632974,0.0,2.06252121925354,0.6032469868659973,0.0,0.0,-6.9861602783203125,13.352892875671387,0.030304046347737312,-6.9861602783203125,0.0
1632979,0.0,2.061187982559204,-2.0678999423980713,0.0,0.0,-6.779654502868652,13.352374076843262,-0.14108440279960632,-6.779654502868652,0.0
1632984,0.0,2.063093423843384,7.124648571014404,0.0,0.0,-5.9082231521606445,13.351268768310547,-0.35065072774887085,-5.9082231521606445,0.0
1632989,0.0,2.061957836151123,3.4566705226898193,0.0,0.0,-4.457333087921143,13.34968376159668,-0.331825852394104,-4.457333087921143,0.0
1632994,0.0,2.060169219970703,3.258387327194214,0.0,0.0,-2.5692825317382812,13.347745895385742,-0.38351675868034363,-2.5692825317382812,0.0
1632999,0.0,2.059821605682373,-4.896381378173828,0.0,0.0,-0.42924514412879944,13.345906257629395,-0.37202900648117065,-0.42924514412879944,0.0
1633004,0.0,2.0627877712249756,-3.1466453075408936,0.0,0.0,1.7528910636901855,13.344494819641113,-0.11060862243175507,1.7528910636901855,0.0
1633009,0.0,2.0633091926574707,5.568719863891602,0.0,0.0,3.7631094455718994,13.347014427185059,0.09091214090585709,3.7631094455718994,0.0
1633014,0.0,2.0614514350891113,-4.041914939880371,0.0,0.0,5.404254913330078,13.345504760742188,-0.370784729719162,5.404254913330078,0.0
1633019,0.0,2.0611250400543213,-0.16984333097934723,0.0,0.0,6.515368938446045,13.344452857971191,-0.2614203691482544,6.515368938446045,0.0
1633024,0.0,2.062044858932495,11.440078735351562,0.0,0.0,6.987476825714111,13.343907356262207,-0.030304046347737312,6.987476825714111,0.0
1633029,0.0,2.0619966983795166,1.048399567604065,0.0,0.0,6.7742767333984375,13.34389591217041,0.07017001509666443,6.7742767333984375,0.0
1633034,0.0,2.063216209411621,0.8715434670448303,0.0,0.0,5.8966779708862305,13.34471321105957,0.16081252694129944,5.8966779708862305,0.0
1633039,0.0,2.0613436698913574,-6.466200828552246,0.0,0.0,4.482124328613281,13.34654712677002,0.24121880531311035,4.482124328613281,0.0
1633044,0.0,2.081108570098877,68.59734344482422,0.0,0.0,2.5992202758789062,13.348581314086914,0.502839207649231,2.5992202758789062,0.0
1633049,0.0,2.061553478240967,1.0360807180404663,0.0,0.0,0.46139347553253174,13.35056209564209,0.3216250538825989,0.46139347553253174,0.0
1633054,0.0,2.0624582767486572,3.1877448558807373,0.0,0.0,-1.7216854095458984,13.350687980651855,-0.5749741196632385,-1.7216854095458984,0.0
1633059,0.0,2.062790870666504,1.3719103336334229,0.0,0.0,-3.7359070777893066,13.35019302368164,0.16081252694129944,-3.7359070777893066,0.0
1633064,0.0,2.062727928161621,-0.8213081359863281,0.0,0.0,-5.383723258972168,13.35140323638916,0.2716211676597595,-5.383723258972168,0.0
1633069,0.0,2.062434196472168,-1.866408109664917,0.0,0.0,-6.503521919250488,13.352701187133789,0.2012156844139099,-6.503521919250488,0.0
1633074,0.0,2.151141405105591,304.07440185546875,0.0,0.0,-6.985476970672607,13.353111267089844,0.00986831821501255,-6.985476970672607,0.0
1633079,0.0,2.0624372959136963,0.9259512424468994,0.0,0.0,-6.78231954574585,13.352607727050781,-0.17101332545280457,-6.78231954574585,0.0
1633084,0.0,2.0612926483154297,134.09844970703125,0.0,0.0,-5.913974761962891,13.351469039916992,-0.23219722509384155,-5.913974761962891,0.0
1633089,0.0,2.0628325939178467,2.652306318283081,0.0,0.0,-4.465607166290283,13.34984302520752,-0.35321271419525146,-4.465607166290283,0.0
1634039,-0.2119276374578476,2.063986301422119,0.0,0.0,13.346115112304688,5.978097832123748e-31,-0.4399622976779938,0.0,-0.4399622976779938,-2.524230691888408e+26
1633114,0.0,2.0625600814819336,0.8144634962081909,0.0,0.0,5.39742374420166,13.345770835876465,-0.25121957063674927,5.39742374420166,0.0
1633119,0.0,2.0617690086364746,-4.61475944519043,0.0,0.0,6.511435031890869,13.344635963439941,-0.060003336519002914,6.511435031890869,0.0
1633124,0.0,2.0626258850097656,-0.11960534006357193,0.0,0.0,1.0799360319633138e+28,13.344114303588867,-0.13061018288135529,6.9868268966674805,0.0
1634054,0.0,2.0622305870056152,-0.5928462147712708,0.0,0.0,-1.7216854095458984,13.351016998291016,-0.4022313356399536,-1.7216854095458984,0.0
1634059,0.0,2.0619399547576904,-3.106666326522827,0.0,0.0,-3.7359070777893066,13.350481033325195,0.07040548324584961,-3.7359070777893066,0.0
1634064,0.0,2.0625839233398438,3.015434980392456,0.0,0.0,-5.383723258972168,13.351706504821777,0.2586168348789215,-5.383723258972168,0.0
1634069,0.0,2.0622036457061768,-2.284512519836426,0.0,0.0,-6.503521919250488,13.352892875671387,0.17101332545280457,-6.503521919250488,0.0
1634074,0.0,2.07599139213562,49.076499938964844,0.0,0.0,-6.985476970672607,13.353300094604492,0.04020313173532486,-6.985476970672607,0.0
1634079,0.0,2.0628745555877686,-1.2209922075271606,0.0,0.0,-6.78231954574585,13.352764129638672,-0.17101332545280457,-6.78231954574585,0.0
1634084,0.0,2.062760829925537,2.3945517539978027,0.0,0.0,-5.913974761962891,13.351661682128906,-0.24061138927936554,-5.913974761962891,0.0
1634089,0.0,2.060360908508301,-35.87196350097656,0.0,0.0,-4.465607166290283,13.350022315979004,-0.31267353892326355,-4.465607166290283,0.0
1634094,0.0,2.0638184547424316,2.1289093494415283,0.0,0.0,-2.579267740249634,13.3480806350708,-0.4022313356399536,-2.579267740249634,0.0
1634099,0.0,2.062074661254883,2.4129879474639893,0.0,0.0,-0.4399622976779938,13.346250534057617,-0.37202900648117065,-0.4399622976779938,0.0
1634104,0.0,2.0624821186065674,-2.219620943069458,0.0,0.0,1.7424932718276978,13.34485149383545,-0.010000779293477535,1.7424932718276978,0.0
1634109,0.0,2.061721086502075,-2.0181291103363037,0.0,0.0,3.7540509700775146,13.347311019897461,0.05020391196012497,3.7540509700775146,0.0
1634114,0.0,2.063791513442993,3.8984227180480957,0.0,0.0,5.39742374420166,13.345860481262207,-0.2707127332687378,5.39742374420166,0.0
1634119,0.0,2.062023878097534,0.11120866984128952,0.0,0.0,6.511435031890869,13.344704627990723,-0.13104994595050812,6.511435031890869,0.0
1634124,0.0,2.061784029006958,-4.751513957977295,0.0,0.0,6.9868268966674805,13.34415340423584,-0.026623409241437912,6.9868268966674805,0.0
1634129,0.0,2.062434196472168,1.3491965532302856,0.0,0.0,6.776973724365234,13.344090461730957,-0.020271629095077515,6.776973724365234,0.0
1634134,0.0,2.0625360012054443,2.905174732208252,0.0,0.0,5.9024577140808105,13.344962120056152,0.18101410567760468,5.9024577140808105,0.0
1634139,0.0,2.0622904300689697,-0.30263906717300415,0.0,0.0,4.449048042297363,13.346807479858398,0.3933505415916443,4.449048042297363,0.0
1634144,0.0,2.0606844425201416,-5.0532145500183105,0.0,0.0,2.559290885925293,13.348796844482422,0.5043772459030151,2.559290885925293,0.0
1634149,0.0,2.0629374980926514,5.971703052520752,0.0,0.0,0.4185270071029663,13.350750923156738,0.30263906717300415,0.4185270071029663,0.0
1634154,0.0,2.061805009841919,1.3614745140075684,0.0,0.0,-1.763284683227539,13.350780487060547,-0.4942971169948578,-1.763284683227539,0.0
1634159,0.0,2.081087589263916,63.275184631347656,0.0,0.0,-3.7721593379974365,13.350370407104492,0.04020313173532486,-3.7721593379974365,0.0
1634164,0.0,2.062131643295288,1.2168948650360107,0.0,0.0,-5.376854419708252,13.35155963897705,0.3418266475200653,-5.376854419708252,0.0
1634169,0.0,2.062577962875366,4.333137512207031,0.0,0.0,-6.499542713165283,13.352806091308594,0.2705133855342865,-6.499542713165283,0.0
1634174,0.0,2.062446117401123,-0.7494291067123413,0.0,0.0,-6.984777450561523,13.353168487548828,0.015075881965458393,-6.984777450561523,0.0
1634179,0.0,2.0631563663482666,1.5942738056182861,0.0,0.0,-6.784968852996826,13.352607727050781,-0.2725357115268707,-6.784968852996826,0.0
1634184,0.0,2.0624313354492188,7.278967380523682,0.0,0.0,-5.919712543487549,13.351460456848145,-0.210310697555542,-5.919712543487549,0.0
1634189,0.0,2.062542200088501,5.117999076843262,0.0,0.0,-4.473871231079102,13.349908828735352,-0.331825852394104,-4.473871231079102,0.0
1634194,0.0,2.0616703033447266,-5.487641334533691,0.0,0.0,-2.589247226715088,13.348003387451172,-0.19165803492069244,-2.589247226715088,0.0
1634199,0.0,2.0621914863586426,1.9466837644577026,0.0,0.0,-0.45067840814590454,13.346040725708008,-0.4022313356399536,-0.45067840814590454,0.0
1634204,0.0,2.063258171081543,1.722000002861023,0.0,0.0,1.7320913076400757,13.344718933105469,-0.15081174671649933,1.7320913076400757,0.0
1634209,0.0,2.041764497756958,-67.51192474365234,0.0,0.0,3.744983434677124,13.347197532653809,0.020269593223929405,3.744983434677124,0.0
1634214,0.0,2.0622544288635254,-1.0960854291915894,0.0,0.0,5.390579700469971,13.345654487609863,-0.2705133855342865,5.390579700469971,0.0
1634219,0.0,2.0643727779388428,3.7883834838867188,0.0,0.0,6.507486343383789,13.344569206237793,-0.12060940265655518,6.507486343383789,0.0
1634224,0.0,2.0627667903900146,0.7666321396827698,0.0,0.0,6.9861602783203125,13.344012260437012,-0.04033849760890007,6.9861602783203125,0.0
1634229,0.0,2.0622544288635254,-9.42194938659668,0.0,0.0,6.779654502868652,13.343952178955078,0.0008280723122879863,6.779654502868652,0.0
1634234,0.0,2.062856674194336,0.5509940981864929,0.0,0.0,5.9082231521606445,13.344809532165527,0.25037938356399536,5.9082231521606445,0.0
1634239,0.0,2.063551664352417,0.4334883391857147,0.0,0.0,4.457333087921143,13.346604347229004,0.3530120253562927,4.457333087921143,0.0
1634244,0.0,2.1032705307006836,137.7882843017578,0.0,0.0,2.5692825317382812,13.348725318908691,0.5228407382965088,2.5692825317382812,0.0
1634249,0.0,2.0621914863586426,3.692715644836426,0.0,0.0,0.42924514412879944,13.35056209564209,0.30162349343299866,0.42924514412879944,0.0
1634254,0.0,2.0626468658447266,3.0761616230010986,0.0,0.0,-1.7528910636901855,13.350696563720703,-0.4942971169948578,-1.7528910636901855,0.0
1634259,0.0,2.061990737915039,-2.4821221828460693,0.0,0.0,-3.7631094455718994,13.350226402282715,0.13104994595050812,-3.7631094455718994,0.0
1634264,0.0,2.0628716945648193,5.4106903076171875,0.0,0.0,-5.404254913330078,13.35135269165039,0.2514196038246155,-5.404254913330078,0.0
1634269,0.0,2.063096284866333,2.4729926586151123,0.0,0.0,-6.515368938446045,13.352631568908691,0.15081174671649933,-6.515368938446045,0.0
1634274,0.0,2.0627996921539307,1.5934710502624512,0.0,0.0,-6.987476825714111,13.353012084960938,0.0302023533731699,-6.987476825714111,0.0
1634279,0.0,2.062098741531372,1.2873003482818604,0.0,0.0,-6.7742767333984375,13.352509498596191,-0.11040860414505005,-6.7742767333984375,0.0
1634284,0.0,2.0634889602661133,3.6621737480163574,0.0,0.0,-5.8966779708862305,13.351310729980469,-0.4524352550506592,-5.8966779708862305,0.0
1634289,0.0,2.0636746883392334,-1.5734021663665771,0.0,0.0,-4.482124328613281,13.349693298339844,-0.3406834006309509,-4.482124328613281,0.0
1634294,0.0,2.0618979930877686,-4.598072528839111,0.0,0.0,-2.5992202758789062,13.347865104675293,-0.4122321307659149,-2.5992202758789062,0.0
1634299,0.0,2.0621376037597656,-4.0555243492126465,0.0,0.0,-0.46139347553253174,13.34594440460205,-0.31267353892326355,-0.46139347553253174,0.0
1634304,0.0,2.0621016025543213,122.55598449707031,0.0,0.0,1.7216854095458984,13.344566345214844,-0.11060862243175507,1.7216854095458984,0.0
1634309,0.0,2.0633630752563477,3.6634085178375244,0.0,0.0,3.7359070777893066,13.347047805786133,0.14081096649169922,3.7359070777893066,0.0
1634314,0.0,2.0617780685424805,0.7971369028091431,0.0,0.0,5.383723258972168,13.34554672241211,-0.4120320975780487,5.383723258972168,0.0
1634319,0.0,2.0619728565216064,-5.5092291831970215,0.0,0.0,6.503521919250488,13.344429016113281,-0.13017335534095764,6.503521919250488,0.0
1634324,0.0,2.0604329109191895,-5.519629955291748,0.0,0.0,6.985476970672607,13.343904495239258,-0.02020157501101494,6.985476970672607,0.0
1634329,0.0,2.0639443397521973,6.4171648025512695,0.0,0.0,6.78231954574585,13.343850135803223,0.005844243336468935,6.78231954574585,0.0
1634334,0.0,2.061730146408081,4.373140811920166,0.0,0.0,5.913974761962891,13.34476089477539,0.2605460584163666,5.913974761962891,0.0
1634339,0.0,2.063108444213867,4.699796199798584,0.0,0.0,4.465607166290283,13.346487045288086,0.4022313356399536,4.465607166290283,0.0
1634344,0.0,2.0636956691741943,3.0167577266693115,0.0,0.0,2.579267740249634,13.348572731018066,0.262300580739975,2.579267740249634,0.0
1634349,0.0,2.055006980895996,-22.75813865661621,0.0,0.0,0.4399622976779938,13.350555419921875,0.20034337043762207,0.4399622976779938,0.0
1634354,0.0,2.062305450439453,4.827778339385986,0.0,0.0,-1.7424932718276978,13.350639343261719,-0.5328415036201477,-1.7424932718276978,0.0
1634359,0.0,2.0616283416748047,2.1921708583831787,0.0,0.0,-3.7540509700775146,13.350151062011719,0.09091214090585709,-3.7540509700775146,0.0
1634364,0.0,2.0629615783691406,1.1560901403427124,0.0,0.0,-5.39742374420166,13.351386070251465,0.3483208417892456,-5.39742374420166,0.0
1634369,0.0,2.062239408493042,-0.12040536850690842,0.0,0.0,-6.511435031890869,13.352569580078125,0.2204773724079132,-6.511435031890869,0.0
1634374,0.0,2.062913656234741,2.6746084690093994,0.0,0.0,-6.9868268966674805,13.352985382080078,0.019868213683366776,-6.9868268966674805,0.0
1634379,0.0,2.061091899871826,2.7839584350585938,0.0,0.0,-6.776973724365234,13.352425575256348,-0.24141880869865417,-6.776973724365234,0.0
1634384,0.0,2.0616703033447266,1.3627336025238037,0.0,0.0,-5.9024577140808105,13.351361274719238,-0.24121880531311035,-5.9024577140808105,0.0
1634389,0.0,2.0631353855133057,2.734187602996826,0.0,0.0,-4.449048042297363,13.34970760345459,-0.40358567237854004,-4.449048042297363,0.0
1634394,0.0,2.062206506729126,4.781215667724609,0.0,0.0,-2.559290885925293,13.3477783203125,-0.4524352550506592,-2.559290885925293,0.0
1634399,0.0,2.0611069202423096,-1.7616044282913208,0.0,0.0,-0.4185270071029663,13.345972061157227,-0.42223289608955383,-0.4185270071029663,0.0
1634404,0.0,2.0627009868621826,4.751513957977295,0.0,0.0,1.763284683227539,13.344584465026855,-0.030304046347737312,1.763284683227539,0.0
1634409,0.0,2.063390016555786,0.6253470778465271,0.0,0.0,3.7721593379974365,13.34708023071289,0.10060784220695496,3.7721593379974365,0.0
1634414,0.0,2.0632970333099365,3.767651319503784,0.0,0.0,5.376854419708252,13.345605850219727,-0.46088942885398865,5.376854419708252,0.0
1634419,0.0,2.0625240802764893,10.219086647033691,0.0,0.0,6.499542713165283,13.344476699829102,-0.08040626347064972,6.499542713165283,0.0
1634424,0.0,2.0623292922973633,0.8774124979972839,0.0,0.0,6.984777450561523,13.343931198120117,-0.05040392652153969,6.984777450561523,0.0
1634429,0.0,2.062575101852417,-1.0515680313110352,0.0,0.0,6.784968852996826,13.343913078308105,0.009994350373744965,6.784968852996826,0.0
1634434,0.0,2.062967538833618,-0.44243448972702026,0.0,0.0,5.919712543487549,13.344788551330566,0.2714211642742157,5.919712543487549,0.0
1634439,0.0,2.062161684036255,4.816375255584717,0.0,0.0,4.473871231079102,13.346517562866211,0.36081740260124207,4.473871231079102,0.0
1634444,0.0,2.061969757080078,-1.9705535173416138,0.0,0.0,2.589247226715088,13.348623275756836,0.45092207193374634,2.589247226715088,0.0
1634449,0.0,2.0630154609680176,0.7465632557868958,0.0,0.0,0.45067840814590454,13.35058879852295,0.20169249176979065,0.45067840814590454,0.0
1634454,0.0,2.061307668685913,-2.946115255355835,0.0,0.0,-1.7320913076400757,13.350675582885742,-0.5026391744613647,-1.7320913076400757,0.0
1634459,0.0,2.06201171875,-2.9261908531188965,0.0,0.0,-3.744983434677124,13.350265502929688,0.0302023533731699,-3.744983434677124,0.0
1634464,0.0,2.062566041946411,3.951508045196533,0.0,0.0,-5.390579700469971,13.351469039916992,0.31162428855895996,-5.390579700469971,0.0
1634469,0.0,2.062922477722168,2.7438206672668457,0.0,0.0,-6.507486343383789,13.352712631225586,0.1704413741827011,-6.507486343383789,0.0
1634474,0.0,2.0622036457061768,0.30162349343299866,0.0,0.0,-6.9861602783203125,13.353108406066895,0.030304046347737312,-6.9861602783203125,0.0
1634479,0.0,2.062065601348877,0.9681239724159241,0.0,0.0,-6.779654502868652,13.35258674621582,-0.2018931806087494,-6.779654502868652,0.0
1634484,0.0,2.0610530376434326,-4.674764156341553,0.0,0.0,-5.9082231521606445,13.351430892944336,-0.2814219295978546,-5.9082231521606445,0.0
1634489,0.0,2.061415672302246,-2.8754241466522217,0.0,0.0,-4.457333087921143,13.349884986877441,-0.3418266475200653,-4.457333087921143,0.0
1634494,0.0,2.0623834133148193,-0.8372746706008911,0.0,0.0,-2.5692825317382812,13.34801197052002,-0.262300580739975,-2.5692825317382812,0.0
1634499,0.0,2.062739849090576,3.587441921234131,0.0,0.0,-0.42924514412879944,13.346175193786621,-0.35202744603157043,-0.42924514412879944,0.0
1634504,0.0,2.0615923404693604,-2.8972184658050537,0.0,0.0,1.7528910636901855,13.344749450683594,-0.13061018288135529,1.7528910636901855,0.0
1634509,0.0,2.061445474624634,-5.467572212219238,0.0,0.0,3.7631094455718994,13.347253799438477,0.272335022687912,3.7631094455718994,0.0
1634514,0.0,2.062500238418579,0.8344650268554688,0.0,0.0,5.404254913330078,13.345710754394531,-0.3807520568370819,5.404254913330078,0.0
1634519,0.0,2.062772750854492,17.114307403564453,0.0,0.0,6.515368938446045,13.344650268554688,-0.15030735731124878,6.515368938446045,0.0
1634524,0.0,2.0621166229248047,1.8158345222473145,0.0,0.0,6.987476825714111,13.344090461730957,-0.10074590146541595,6.987476825714111,0.0
1634529,0.0,2.0624582767486572,0.7264943718910217,0.0,0.0,6.7742767333984375,13.344080924987793,0.12060940265655518,6.7742767333984375,0.0
1634534,0.0,2.060807466506958,-1.6027469635009766,0.0,0.0,5.8966779708862305,13.344953536987305,0.23121802508831024,5.8966779708862305,0.0
1634539,0.0,2.059971570968628,-4.690504550933838,0.0,0.0,4.482124328613281,13.346765518188477,0.3833160698413849,4.482124328613281,0.0
1634544,0.0,2.0625510215759277,5.23800802230835,0.0,0.0,2.5992202758789062,13.348773002624512,0.4626360535621643,2.5992202758789062,0.0
1634549,0.0,2.0619819164276123,2.4537911415100098,0.0,0.0,0.46139347553253174,13.350762367248535,0.4639930725097656,0.46139347553253174,0.0
1634554,0.0,2.0619099140167236,-2.0582668781280518,0.0,0.0,-1.7216854095458984,13.350879669189453,-0.4942971169948578,-1.7216854095458984,0.0
1634559,0.0,2.062194585800171,-2.5013883113861084,0.0,0.0,-3.7359070777893066,13.350481033325195,0.12060940265655518,-3.7359070777893066,0.0
1634564,0.0,2.0614125728607178,-2.345113754272461,0.0,0.0,-5.383723258972168,13.351598739624023,0.3105820417404175,-5.383723258972168,0.0
1634569,0.0,2.060972213745117,5.369218349456787,0.0,0.0,-6.503521919250488,13.352892875671387,0.21121646463871002,-6.503521919250488,0.0
1634574,0.0,2.063270092010498,6.153126239776611,0.0,0.0,-6.985476970672607,13.353270530700684,0.04033849760890007,-6.985476970672607,0.0
1634579,0.0,2.062901496887207,1.8236230611801147,0.0,0.0,-6.78231954574585,13.352730751037598,-0.18101410567760468,-6.78231954574585,0.0
1634584,0.0,2.0141587257385254,-163.49172973632812,0.0,0.0,-5.913974761962891,13.351556777954102,-0.37202900648117065,-5.913974761962891,0.0
1634589,0.0,2.062955617904663,6.332843780517578,0.0,0.0,-4.465607166290283,13.350064277648926,-0.331825852394104,-4.465607166290283,0.0
1634594,0.0,2.061316728591919,-0.8648673892021179,0.0,0.0,-2.579267740249634,13.348146438598633,-0.4624360501766205,-2.579267740249634,0.0
1634599,0.0,2.0620956420898438,3.0159549713134766,0.0,0.0,-0.4399622976779938,13.346229553222656,-0.31267353892326355,-0.4399622976779938,0.0
1634604,0.0,2.062649965286255,5.700444221496582,0.0,0.0,1.7424932718276978,13.3448486328125,-0.1602746993303299,1.7424932718276978,0.0
1634609,0.0,2.0625901222229004,-0.0996733158826828,0.0,0.0,3.7540509700775146,13.347334861755371,0.23121802508831024,3.7540509700775146,0.0
1634614,0.0,2.060744524002075,-9.90317153930664,0.0,0.0,5.39742374420166,13.345840454101562,-0.38202977180480957,5.39742374420166,0.0
1634619,0.0,2.0611279010772705,-6.163000583648682,0.0,0.0,6.511435031890869,13.344743728637695,-0.13037270307540894,6.511435031890869,0.0
1634624,0.0,2.0629165172576904,4.463547706604004,0.0,0.0,6.9868268966674805,13.344156265258789,-0.07040548324584961,6.9868268966674805,0.0
1634629,0.0,2.0619609355926514,-1.7146872282028198,0.0,0.0,6.776973724365234,13.344114303588867,-0.035803474485874176,6.776973724365234,0.0
1634634,0.0,2.0620267391204834,-2.8248989582061768,0.0,0.0,5.9024577140808105,13.345012664794922,0.2804807126522064,5.9024577140808105,0.0
1634639,0.0,2.062032699584961,-0.22161726653575897,0.0,0.0,4.449048042297363,13.346768379211426,0.4022313356399536,4.449048042297363,0.0
1634644,0.0,2.0615055561065674,3.1781117916107178,0.0,0.0,2.559290885925293,13.348812103271484,0.29162272810935974,2.559290885925293,0.0
1634649,0.0,2.060549736022949,-5.185002326965332,0.0,0.0,0.4185270071029663,13.35079574584961,0.3218250870704651,0.4185270071029663,0.0
1634654,0.0,2.063399076461792,6.838890552520752,0.0,0.0,-7.573064690121713e-27,13.350879669189453,-0.5428423285484314,-7.608427845388574e-27,2.3271363597042237e-41
1634674,0.0,2.06231427192688,-0.34357964992523193,0.0,0.0,-6.984777450561523,13.353158950805664,0.010000779293477535,-6.984777450561523,0.0
1634679,0.0,2.063734531402588,6.819413661956787,0.0,0.0,-6.784968852996826,13.352625846862793,-0.14081096649169922,-6.784968852996826,0.0
1634684,0.0,2.0619008541107178,-0.26074540615081787,0.0,0.0,-5.919712543487549,13.351487159729004,-0.25057873129844666,-5.919712543487549,0.0
1634689,0.0,2.0621466636657715,28.41756820678711,0.0,0.0,6.9868268966674805,13.34984302520752,-0.3128742277622223,6.9868268966674805,0.0
